actual_temp,day,month,predicted_temp,year
0.841835522304,7.0,1.0,0.8589576110334156,2014.0
0.839156269366,8.0,1.0,0.9289486483142312,2014.0
0.83157291257,9.0,1.0,0.7623531333318443,2014.0
0.8449387936389999,10.0,1.0,0.730322049623594,2014.0
0.890671709182,11.0,1.0,0.909301810270013,2014.0
0.860454845983,12.0,1.0,0.9289876075768578,2014.0
0.832260007114,13.0,1.0,0.7923628222191456,2014.0
0.845036122437,14.0,1.0,0.793119622471207,2014.0
0.8495094300570001,15.0,1.0,0.8951698795889355,2014.0
0.84712491239,16.0,1.0,0.9774026577753454,2014.0
0.806189723729,17.0,1.0,0.7472958679689353,2014.0
0.825238110884,18.0,1.0,0.7246439749152266,2014.0
0.822151977547,19.0,1.0,0.7217152061487903,2014.0
0.84263757746,20.0,1.0,0.7786621268502238,2014.0
0.836978733518,21.0,1.0,0.6006859130823567,2014.0
0.830100187214,22.0,1.0,0.7691018682816689,2014.0
0.824873063658,23.0,1.0,0.7691018682816689,2014.0
0.818389060769,24.0,1.0,0.7648175107951344,2014.0
0.8179138921479999,25.0,1.0,0.8437179692856311,2014.0
0.831154369709,26.0,1.0,0.8598141543955409,2014.0
0.802461749592,27.0,1.0,0.8217064550955965,2014.0
0.805122978774,28.0,1.0,0.8341183040603618,2014.0
0.804717235814,29.0,1.0,0.5661406823990202,2014.0
0.802297475323,30.0,1.0,0.48749245608844227,2014.0
0.80631513088,31.0,1.0,0.8113422491509883,2014.0
0.827001948611,1.0,2.0,0.5362318802924999,2014.0
0.8275758284910001,2.0,2.0,0.5918500715268983,2014.0
0.810892780331,3.0,2.0,0.10096544537272917,2014.0
0.8071627936019999,4.0,2.0,0.3627124527446879,2014.0
0.803719720326,5.0,2.0,0.8450846151055174,2014.0
0.777860501485,6.0,2.0,0.5972002779782885,2014.0
0.7157996782830001,7.0,2.0,0.5537785760013516,2014.0
0.707630658939,8.0,2.0,0.6237696132821676,2014.0
0.7203166215,9.0,2.0,0.4571740982997809,2014.0
0.656382333377,10.0,2.0,0.39450654073664276,2014.0
0.69274289689,11.0,2.0,0.5734863013830618,2014.0
0.67784749942,12.0,2.0,0.5931720986899066,2014.0
0.624979094344,13.0,2.0,0.45654731333219445,2014.0
0.648719236636,14.0,2.0,0.4573041135842559,2014.0
0.663121307911,15.0,2.0,0.559354370701984,2014.0
0.63018844393,16.0,2.0,0.6304285570951331,2014.0
0.62973938304,17.0,2.0,0.37177053244204566,2014.0
0.637249203647,18.0,2.0,0.34652784241267803,2014.0
0.627246963275,19.0,2.0,0.3435990736462417,2014.0
0.6028501373620001,20.0,2.0,0.36813193014371415,2014.0
0.569699422458,21.0,2.0,0.1901557163758472,2014.0
0.598192466686,22.0,2.0,0.3585716715751593,2014.0
0.621107028795,23.0,2.0,0.3585716715751593,2014.0
0.58379747133,24.0,2.0,0.3542873140886248,2014.0
0.516141923329,25.0,2.0,0.4392295972287022,2014.0
0.591586255614,26.0,2.0,0.45532578233861193,2014.0
0.5926283129,27.0,2.0,0.4172180830386677,2014.0
0.581964181812,28.0,2.0,0.4296299320034329,2014.0
0.5744892522489999,1.0,3.0,0.4843104245705861,2014.0
0.581740926469,2.0,3.0,0.5399286158049844,2014.0
0.6290139351039999,3.0,3.0,0.049043989650815634,2014.0
0.687437994293,4.0,3.0,0.3107909970227745,2014.0
0.673389323614,5.0,3.0,0.7871549506429635,2014.0
0.670809341308,6.0,3.0,0.5392706135157345,2014.0
0.654452513518,7.0,3.0,0.49584891153879795,2014.0
0.6458128584580001,8.0,3.0,0.5687516728493608,2014.0
0.6439689312760001,9.0,3.0,0.40215615786697406,2014.0
0.649855309872,10.0,3.0,0.34865511145566747,2014.0
0.6135705044940001,11.0,3.0,0.5276348721020864,2014.0
0.639342323843,12.0,3.0,0.5473206694089312,2014.0
0.646439263723,13.0,3.0,0.4106958840512188,2014.0
0.636723140841,14.0,3.0,0.4114526843032802,2014.0
0.63798383516,15.0,3.0,0.5135029414210086,2014.0
0.642921983759,16.0,3.0,0.5845771278141577,2014.0
0.626913793997,17.0,3.0,0.35541016174044665,2014.0
0.617210132198,18.0,3.0,0.33016747171107935,2014.0
0.6196975047109999,19.0,3.0,0.327238702944643,2014.0
0.602338515705,20.0,3.0,0.352945737250435,2014.0
0.594166909542,21.0,3.0,0.17496952348256814,2014.0
0.567340596256,22.0,3.0,0.34338547868188024,2014.0
0.5796309518299999,23.0,3.0,0.34338547868188024,2014.0
0.5720115995899999,24.0,3.0,0.33910112119534574,2014.0
0.583778652835,25.0,3.0,0.42404340433542315,2014.0
0.5853485470209999,26.0,3.0,0.4401395894453329,2014.0
0.549664277678,27.0,3.0,0.4020318901453887,2014.0
0.52090496725,28.0,3.0,0.4144437391101539,2014.0
0.511380898761,29.0,3.0,0.1174476051197922,2014.0
0.47587756581,30.0,3.0,0.05326742744036342,2014.0
0.46808652841299997,31.0,3.0,0.37711722050290936,2014.0
0.489574542485,1.0,4.0,0.47225437129276826,2014.0
0.482215372713,2.0,4.0,0.5278725625271669,2014.0
0.448322823873,3.0,4.0,0.036987936372997576,2014.0
0.460362974004,4.0,4.0,0.29873494374495635,2014.0
0.45662665862,5.0,4.0,0.7926945820671272,2014.0
0.461338022229,6.0,4.0,0.5456256566576684,2014.0
0.46240337589,7.0,4.0,0.5022039546807315,2014.0
0.456293356601,8.0,4.0,0.5751067159912947,2014.0
0.45624482524500004,9.0,4.0,0.4085112010089078,2014.0
0.417408496681,10.0,4.0,0.355010154597601,2014.0
0.410689404913,11.0,4.0,0.5339899152440203,2014.0
0.447195865913,12.0,4.0,0.5536757125508651,2014.0
0.424077409735,13.0,4.0,0.4170509271931527,2014.0
0.444134473748,14.0,4.0,0.41780772744521405,2014.0
0.50070977973,15.0,4.0,0.5198579845629425,2014.0
0.5234834184049999,16.0,4.0,0.5909321709560916,2014.0
0.513929235295,17.0,4.0,0.36805449659720696,2014.0
0.49693270185300004,18.0,4.0,0.34281180656783955,2014.0
0.502559137105,19.0,4.0,0.3398830378014032,2014.0
0.507445984808,20.0,4.0,0.3655900721071953,2014.0
0.497702215826,21.0,4.0,0.1876138583393285,2014.0
0.49871448071700003,22.0,4.0,0.3640752674040817,2014.0
0.493902112913,23.0,4.0,0.3640752674040817,2014.0
0.492311001599,24.0,4.0,0.3597909099175472,2014.0
0.47094013995699996,25.0,4.0,0.4447331930576246,2014.0
0.46432472138499997,26.0,4.0,0.46082937816753433,2014.0
0.45040821709699996,27.0,4.0,0.42272167886759016,2014.0
0.439407436477,28.0,4.0,0.43513352783235537,2014.0
0.448149389332,29.0,4.0,0.1484026636211804,2014.0
0.44955674388,30.0,4.0,0.0842224859417516,2014.0
0.457023684322,1.0,5.0,2.8175060501829665,2014.0
0.45194560629,2.0,5.0,2.8786634031262444,2014.0
0.441819595136,3.0,5.0,2.067473836501711,2014.0
0.435433674833,4.0,5.0,2.572834430093231,2014.0
0.432886001725,5.0,5.0,3.4798326114663256,2014.0
0.431037371311,6.0,5.0,3.209347596519194,2014.0
0.449393756758,7.0,5.0,3.1677780601834598,2014.0
0.445198654566,8.0,5.0,3.2279241450294407,2014.0
0.451342048058,9.0,5.0,3.0439680962584585,2014.0
0.448509571498,10.0,5.0,2.9360753280023606,2014.0
0.43938671815200003,11.0,5.0,3.11505508864878,2014.0
0.43717007652400003,12.0,5.0,3.147146383194332,2014.0
0.43839055712499997,13.0,5.0,3.0083283997534314,2014.0
0.44187097647,14.0,5.0,3.009085200005492,2014.0
0.441809082161,15.0,5.0,3.080232848889772,2014.0
0.450346364526,16.0,5.0,3.1371922263026994,2014.0
0.450772261417,17.0,5.0,2.3258567070933016,2014.0
0.446365668643,18.0,5.0,2.292815176273305,2014.0
0.0,19.0,5.0,2.2898864075068683,2014.0
0.47185309943700005,20.0,5.0,2.2683010565197588,2014.0
0.493586660568,21.0,5.0,2.099822633528119,2014.0
0.513716876653,22.0,5.0,2.5634223262123506,2014.0
0.536540926228,23.0,5.0,2.6838547008083538,2014.0
0.521133706182,24.0,5.0,2.7002008896692606,2014.0
0.561800014462,25.0,5.0,2.757763805719698,2014.0
0.581783474003,26.0,5.0,2.7738599908296075,2014.0
0.571970534468,27.0,5.0,2.7357522915296633,2014.0
0.573734650081,28.0,5.0,2.7481641404944286,2014.0
0.569671511039,29.0,5.0,2.367666760612924,2014.0
0.5987578399200001,30.0,5.0,2.2889135092101225,2014.0
0.622818319815,31.0,5.0,2.8767378580004346,2014.0
0.644067779375,1.0,6.0,1.7365328829481457,2014.0
0.652155071636,2.0,6.0,1.8364400065318156,2014.0
0.6663307734989999,3.0,6.0,1.2719623555864321,2014.0
0.6298206823760001,4.0,6.0,1.818028948574045,2014.0
0.6555358665390001,5.0,6.0,2.152318004818952,2014.0
0.6584293784640001,6.0,6.0,1.9136701670238112,2014.0
0.6497798906960001,7.0,6.0,1.8721006306880768,2014.0
0.655404207882,8.0,6.0,2.0012898564250143,2014.0
0.644862639229,9.0,6.0,1.8173338076540315,2014.0
0.656179418447,10.0,6.0,1.709441039397934,2014.0
0.6366247504310001,11.0,6.0,1.513513705915306,2014.0
0.60994789486,12.0,6.0,1.932168297060739,2014.0
0.591091217384,13.0,6.0,1.7933503136198372,2014.0
0.570501187383,14.0,6.0,1.7941071138718985,2014.0
0.5681659148160001,15.0,6.0,1.8730717010231839,2014.0
0.598822099502,16.0,6.0,1.9300310784361112,2014.0
0.59879082561,17.0,6.0,1.5680721087998624,2014.0
0.610022813412,18.0,6.0,1.6253963979861255,2014.0
0.6076047651750001,19.0,6.0,1.6224676292196891,2014.0
0.590935468551,20.0,6.0,1.3378414971958357,2014.0
0.58475040542,21.0,6.0,1.0637093585246278,2014.0
0.596072076086,22.0,6.0,1.1106146657938218,2014.0
0.5897046694970001,23.0,6.0,1.0827409171360765,2014.0
0.5832563955419999,24.0,6.0,1.099087105996983,2014.0
0.5710888296959999,25.0,6.0,1.0347153899192962,2014.0
0.575715958907,26.0,6.0,1.050811575029206,2014.0
0.584101406385,27.0,6.0,1.012703875729262,2014.0
0.596939981273,28.0,6.0,1.025115724694027,2014.0
0.595414626539,29.0,6.0,0.6595941895430859,2014.0
0.624102734053,30.0,6.0,0.5962834093287916,2014.0
0.643148497381,1.0,7.0,0.5891469128605779,2014.0
0.6487179392760001,2.0,7.0,0.6890540364442475,2014.0
0.648940245191,3.0,7.0,0.18056166423120523,2014.0
0.638294230527,4.0,7.0,0.7065640425691849,2014.0
0.622804913705,5.0,7.0,0.9496073278695654,2014.0
0.639329845491,6.0,7.0,0.6533391260359795,2014.0
0.6239084927640001,7.0,7.0,0.7264448810654525,2014.0
0.619948063917,8.0,7.0,0.8601365460719198,2014.0
0.62747669673,9.0,7.0,0.724481520506194,2014.0
0.622113161447,10.0,7.0,0.5844138610806384,2014.0
0.625366222386,11.0,7.0,0.3715977521098883,2014.0
0.633088544508,12.0,7.0,0.7830408143495101,2014.0
0.6336325540000001,13.0,7.0,0.677673506785754,2014.0
0.622108848079,14.0,7.0,0.6784303070378155,2014.0
0.62002698,15.0,7.0,0.8455211227283981,2014.0
0.617712969705,16.0,7.0,0.8911660734122997,2014.0
0.616610286169,17.0,7.0,0.7193347663123804,2014.0
0.618561896446,18.0,7.0,0.816593074371058,2014.0
0.629218379195,19.0,7.0,0.8136643056046216,2014.0
0.628041308026,20.0,7.0,0.6992373586851038,2014.0
0.62976875,21.0,7.0,0.5548865154362292,2014.0
0.61868818,22.0,7.0,0.6159974289407805,2014.0
0.611955304642,23.0,7.0,0.5992486322779965,2014.0
0.60948857003,24.0,7.0,0.6072718820592005,2014.0
0.6083663953239999,25.0,7.0,0.6542275423342807,2014.0
0.5972169088829999,26.0,7.0,0.6703237274441902,2014.0
0.6,27.0,7.0,0.6322160281442463,2014.0
0.588395591494,28.0,7.0,0.6446278771090115,2014.0
0.586137674996,29.0,7.0,0.568505375800099,2014.0
0.5767892428720001,30.0,7.0,0.5180579822408694,2014.0
0.574884489485,31.0,7.0,0.6443158431501347,2014.0
0.593502185734,1.0,8.0,0.6367444926735853,2014.0
0.5932619789929999,2.0,8.0,0.736651616257255,2014.0
0.5928293472520001,3.0,8.0,0.22994779820108804,2014.0
0.5906164061729999,4.0,8.0,0.7559501765390678,2014.0
0.595019141262,5.0,8.0,1.0200863081648786,2014.0
0.0,6.0,8.0,0.7215395343368305,2014.0
0.586434789077,7.0,8.0,0.8023362919611648,2014.0
0.589632735785,8.0,8.0,0.936027956967632,2014.0
0.583327123015,9.0,8.0,0.8071789041037047,2014.0
0.588587697572,10.0,8.0,0.6671112446781492,2014.0
0.5863776621969999,11.0,8.0,0.4520872299030053,2014.0
0.570760558878,12.0,8.0,0.8635302921426267,2014.0
0.561806115369,13.0,8.0,0.7581629845788705,2014.0
0.514094033863,14.0,8.0,0.758919784830932,2014.0
0.520744726251,15.0,8.0,0.9267946748903385,2014.0
0.503524563509,16.0,8.0,0.9724396255742401,2014.0
0.508967447055,17.0,8.0,0.8087555508862306,2014.0
0.480536019625,18.0,8.0,0.9176815936886329,2014.0
0.47709472123299995,19.0,8.0,0.9147528249221965,2014.0
0.499605746076,20.0,8.0,0.8514303488935999,2014.0
0.5082983937559999,21.0,8.0,0.794181256299715,2014.0
0.529945437937,22.0,8.0,0.8320730459903436,2014.0
0.5165713009690001,23.0,8.0,0.8085379641173687,2014.0
0.5248799900000001,24.0,8.0,0.8165612138985726,2014.0
0.496686090654,25.0,8.0,0.8143967693897496,2014.0
0.0,26.0,8.0,0.8304929544996591,2014.0
0.524853815541,27.0,8.0,0.7923852551997151,2014.0
0.49508274999999996,28.0,8.0,0.7996607293721413,2014.0
0.5248170866409999,29.0,8.0,0.7552829321161525,2014.0
0.498755865517,30.0,8.0,0.6955307757989614,2014.0
0.49708972198100004,31.0,8.0,0.8217886367082267,2014.0
0.49001,1.0,9.0,0.8718989518070962,2014.0
0.52476939,2.0,9.0,0.9050078491277033,2014.0
0.0,3.0,9.0,0.4207549777386191,2014.0
0.475003186707,4.0,9.0,0.9560660629405022,2014.0
0.0,5.0,9.0,1.2202021945663137,2014.0
0.52477,6.0,9.0,0.9216554207382651,2014.0
0.488077565382,7.0,9.0,1.0024521783626004,2014.0
0.47718024151,8.0,9.0,1.136143843369067,2014.0
0.466532705957,9.0,9.0,1.0072947905051415,2014.0
0.47500001,10.0,9.0,0.8672271310795836,2014.0
0.475000083781,11.0,9.0,0.6213743655486594,2014.0
0.0,12.0,9.0,1.032817427788281,2014.0
0.47476999933,13.0,9.0,0.9274501202245248,2014.0
0.49,14.0,9.0,0.9282069204765863,2014.0
0.468509948029,15.0,9.0,1.0826419979065127,2014.0
0.47960115828199995,16.0,9.0,1.0671602030385186,2014.0
0.45946566800800004,17.0,9.0,1.0003412585742297,2014.0
0.423162216332,18.0,9.0,1.1849313767674332,2014.0
0.397784856667,19.0,9.0,1.182002608000997,2014.0
0.398998280959,20.0,9.0,1.118680131972401,2014.0
0.40291750083300004,21.0,9.0,1.0767206813490613,2014.0
0.34281803023999996,22.0,9.0,1.0480519558912686,2014.0
0.435938967723,23.0,9.0,1.0245168740182944,2014.0
0.420002654507,24.0,9.0,1.0325401237994982,2014.0
0.411610732178,25.0,9.0,1.0492725935168998,2014.0
0.0,26.0,9.0,1.0653687786268082,2014.0
0.0,27.0,9.0,1.0272610793268653,2014.0
0.421479704224,28.0,9.0,1.0345365534992919,2014.0
0.388296264814,29.0,9.0,0.9749833447166859,2014.0
0.388037294973,30.0,9.0,0.6705892093919393,2014.0
0.39,1.0,10.0,0.8156604119478842,2014.0
0.372585469818,2.0,10.0,0.845752222907427,2014.0
0.372821965819,3.0,10.0,0.36149935151834267,2014.0
0.33632276937300004,4.0,10.0,0.896810436720226,2014.0
0.313136722928,5.0,10.0,1.1609465683460376,2014.0
0.31523864627799997,6.0,10.0,0.8623997945179889,2014.0
0.336048011639,7.0,10.0,0.9431965521423232,2014.0
0.352025463977,8.0,10.0,1.0768882171487908,2014.0
0.368060320483,9.0,10.0,0.9480391642848633,2014.0
0.36870219498900003,10.0,10.0,0.8079715048593074,2014.0
0.367621027829,11.0,10.0,0.5621187393283832,2014.0
0.377305144677,12.0,10.0,0.9735618015680044,2014.0
0.39115637681300003,13.0,10.0,0.8681944940042485,2014.0
0.40849725723799996,14.0,10.0,0.86895129425631,2014.0
0.39473406222900004,15.0,10.0,1.0233863716862366,2014.0
0.382337682585,16.0,10.0,1.0079045768182424,2014.0
0.382364631409,17.0,10.0,0.9410856323539533,2014.0
0.382958967695,18.0,10.0,1.1256757505471573,2014.0
0.0,19.0,10.0,1.1227469817807207,2014.0
0.39124176,20.0,10.0,1.0594245057521245,2014.0
0.379292530335,21.0,10.0,1.0174650551287854,2014.0
0.390352628631,22.0,10.0,0.9887963296709921,2014.0
0.368424708972,23.0,10.0,0.9652612477980171,2014.0
0.367058041052,24.0,10.0,0.9732844975792211,2014.0
0.35776647930600003,25.0,10.0,0.9900169672966224,2014.0
0.364252141765,26.0,10.0,1.0114888351519513,2014.0
0.364604665249,27.0,10.0,0.9822675531054352,2014.0
0.359041297598,28.0,10.0,0.9895430272778611,2014.0
0.343731363492,29.0,10.0,0.9959328076492536,2014.0
0.33786715714000004,30.0,10.0,0.9979180282999731,2014.0
0.346506156224,31.0,10.0,1.0652805835340533,2014.0
0.327764429102,1.0,11.0,1.122855670053127,2014.0
0.323896149487,2.0,11.0,1.1529474810126699,2014.0
0.32500045995800003,3.0,11.0,0.7602400744777646,2014.0
0.32631213794299996,4.0,11.0,1.2040056948254694,2014.0
0.33196135667700005,5.0,11.0,1.468141826451279,2014.0
0.348791590868,6.0,11.0,1.1695950526232313,2014.0
0.337111404772,7.0,11.0,1.256485365178953,2014.0
0.344177127926,8.0,11.0,1.426984533883397,2014.0
0.347508991019,9.0,11.0,1.3021013765849563,2014.0
0.353284674097,10.0,11.0,1.1620337171594008,2014.0
0.367235504451,11.0,11.0,0.894474868899938,2014.0
0.404828444575,12.0,11.0,1.3059179311395606,2014.0
0.411751562664,13.0,11.0,1.200550623575805,2014.0
0.40962045644699996,14.0,11.0,1.2013074238278663,2014.0
0.37908007667099997,15.0,11.0,1.3803498526542073,2014.0
0.380294154589,16.0,11.0,1.3245659716085585,2014.0
0.404776560154,17.0,11.0,1.2669243294941497,2014.0
0.38874918457400004,18.0,11.0,1.4455108702409454,2014.0
0.38814293608899997,19.0,11.0,1.4425821014745088,2014.0
0.36619448173,20.0,11.0,1.383081469900079,2014.0
0.357530096663,21.0,11.0,1.3411220192767404,2014.0
0.360360730741,22.0,11.0,1.3124532938189475,2014.0
0.366896029743,23.0,11.0,1.288918211945973,2014.0
0.375389465008,24.0,11.0,1.2969414617271764,2014.0
0.388152614546,25.0,11.0,1.3851231558789547,2014.0
0.384478831856,26.0,11.0,1.4065950237342846,2014.0
0.37586319749,27.0,11.0,1.399213479517031,2014.0
0.378549187111,28.0,11.0,1.3401493303042338,2014.0
0.385133618017,29.0,11.0,1.629711347098874,2014.0
0.38631957,30.0,11.0,1.592991077170001,2014.0
0.374103028618,1.0,12.0,1.2893778771229476,2014.0
0.37734149931399996,2.0,12.0,1.3109185631073061,2014.0
0.376422913615,3.0,12.0,1.1424758537793163,2014.0
0.370608299176,4.0,12.0,1.3762793558246487,2014.0
0.377605443933,5.0,12.0,1.5983447482924436,2014.0
0.383977587214,6.0,12.0,1.2920641477883947,2014.0
0.37336376641499996,7.0,12.0,1.3789544603441164,2014.0
0.37034445203899996,8.0,12.0,1.5494536290485605,2014.0
0.351057750667,9.0,12.0,1.4291000977131878,2014.0
0.353238068896,10.0,12.0,1.278499110777066,2014.0
0.355206590837,11.0,12.0,0.9465332807949917,2014.0
0.358453681274,12.0,12.0,1.3434411014808827,2014.0
0.35020161694699997,13.0,12.0,1.2219744172567375,2014.0
0.35271824813400005,14.0,12.0,1.2227312175087988,2014.0
0.347384572774,15.0,12.0,1.3998824661184548,2014.0
0.34186635896,16.0,12.0,1.344098585072806,2014.0
0.32440247216,17.0,12.0,1.2864569429583972,2014.0
0.34176067240499997,18.0,12.0,1.461077837608482,2014.0
0.33529439467100003,19.0,12.0,1.458149068842046,2014.0
0.340507740863,20.0,12.0,1.3986484372676162,2014.0
0.329722271536,21.0,12.0,1.3566889866442775,2014.0
0.32558624830500005,22.0,12.0,1.3280202611864844,2014.0
0.3355817025,23.0,12.0,1.30448517931351,2014.0
0.329727813181,24.0,12.0,1.3125084290947133,2014.0
0.0,25.0,12.0,1.4006901232464917,2014.0
0.32047921,26.0,12.0,1.4221619911018215,2014.0
0.318569993381,27.0,12.0,1.414780446884568,2014.0
0.318998218952,28.0,12.0,1.3557162976717707,2014.0
0.31913150181100003,29.0,12.0,1.6618173865083308,2014.0
0.313728663817,30.0,12.0,1.5870054596841823,2014.0
0.31909953179,31.0,12.0,1.7244506119749814,2014.0
0.319072253333,1.0,1.0,0.5362318802924999,2015.0
0.31702673896699995,2.0,1.0,0.5918500715268983,2015.0
0.300378894622,3.0,1.0,0.10096544537272917,2015.0
0.28400920114899997,4.0,1.0,0.3627124527446879,2015.0
0.271520735702,5.0,1.0,0.8450846151055174,2015.0
0.275208814152,6.0,1.0,0.5972002779782885,2015.0
0.294282809709,7.0,1.0,0.5537785760013516,2015.0
0.289922332797,8.0,1.0,0.6237696132821676,2015.0
0.295570087915,9.0,1.0,0.4571740982997809,2015.0
0.28192852623,10.0,1.0,0.39450654073664276,2015.0
0.26582686071,11.0,1.0,0.5734863013830618,2015.0
0.279998380743,12.0,1.0,0.5931720986899066,2015.0
0.231984636567,13.0,1.0,0.45654731333219445,2015.0
0.204480309986,14.0,1.0,0.4573041135842559,2015.0
0.208049576105,15.0,1.0,0.559354370701984,2015.0
0.208349894906,16.0,1.0,0.6304285570951331,2015.0
0.19962838944800002,17.0,1.0,0.37177053244204566,2015.0
0.212648402636,18.0,1.0,0.34652784241267803,2015.0
0.208230244013,19.0,1.0,0.3435990736462417,2015.0
0.21903508062399998,20.0,1.0,0.36813193014371415,2015.0
0.216570549323,21.0,1.0,0.1901557163758472,2015.0
0.23882860333900002,22.0,1.0,0.3585716715751593,2015.0
0.228226323478,23.0,1.0,0.3585716715751593,2015.0
0.24341467800199998,24.0,1.0,0.3542873140886248,2015.0
0.246711091677,25.0,1.0,0.4392295972287022,2015.0
0.281447423288,26.0,1.0,0.45532578233861193,2015.0
0.233874019166,27.0,1.0,0.4172180830386677,2015.0
0.272644658817,28.0,1.0,0.4296299320034329,2015.0
0.234137903896,29.0,1.0,0.13181475893434283,2015.0
0.22727650569299998,30.0,1.0,0.06763458125491402,2015.0
0.23031725405700001,31.0,1.0,0.3914843743174597,2015.0
0.221370747838,1.0,2.0,0.4843104245705861,2015.0
0.22849647571899998,2.0,2.0,0.5399286158049844,2015.0
0.24010308844599998,3.0,2.0,0.049043989650815634,2015.0
0.224642421205,4.0,2.0,0.3107909970227745,2015.0
0.21851899960899998,5.0,2.0,0.7871549506429635,2015.0
0.217467849567,6.0,2.0,0.5392706135157345,2015.0
0.22030009194,7.0,2.0,0.49584891153879795,2015.0
0.222689283867,8.0,2.0,0.5687516728493608,2015.0
0.218668525363,9.0,2.0,0.40215615786697406,2015.0
0.215285019982,10.0,2.0,0.34865511145566747,2015.0
0.212731220377,11.0,2.0,0.5276348721020864,2015.0
0.223554060024,12.0,2.0,0.5473206694089312,2015.0
0.232664715458,13.0,2.0,0.4106958840512188,2015.0
0.241328869295,14.0,2.0,0.4114526843032802,2015.0
0.24113394067,15.0,2.0,0.5135029414210086,2015.0
0.237842124711,16.0,2.0,0.5845771278141577,2015.0
0.233907051338,17.0,2.0,0.35541016174044665,2015.0
0.235630716786,18.0,2.0,0.33016747171107935,2015.0
0.240592016261,19.0,2.0,0.327238702944643,2015.0
0.244372264117,20.0,2.0,0.352945737250435,2015.0
0.24012030999999998,21.0,2.0,0.17496952348256814,2015.0
0.238975070559,22.0,2.0,0.34338547868188024,2015.0
0.235311213123,23.0,2.0,0.34338547868188024,2015.0
0.237956176023,24.0,2.0,0.33910112119534574,2015.0
0.237406525997,25.0,2.0,0.42404340433542315,2015.0
0.236360086846,26.0,2.0,0.4401395894453329,2015.0
0.24885180111299998,27.0,2.0,0.4020318901453887,2015.0
0.25010971279,28.0,2.0,0.4144437391101539,2015.0
0.25121746883,1.0,3.0,0.47225437129276826,2015.0
0.271242081562,2.0,3.0,0.5278725625271669,2015.0
0.27461929068,3.0,3.0,0.036987936372997576,2015.0
0.272729843127,4.0,3.0,0.29873494374495635,2015.0
0.27142548782799997,5.0,3.0,0.7926945820671272,2015.0
0.270810747814,6.0,3.0,0.5456256566576684,2015.0
0.269991076422,7.0,3.0,0.5022039546807315,2015.0
0.279879687236,8.0,3.0,0.5751067159912947,2015.0
0.285953968367,9.0,3.0,0.4085112010089078,2015.0
0.29201975923499995,10.0,3.0,0.355010154597601,2015.0
0.293925387637,11.0,3.0,0.5339899152440203,2015.0
0.291668848722,12.0,3.0,0.5536757125508651,2015.0
0.28306886777699997,13.0,3.0,0.4170509271931527,2015.0
0.282277507752,14.0,3.0,0.41780772744521405,2015.0
0.286808305128,15.0,3.0,0.5198579845629425,2015.0
0.290354732454,16.0,3.0,0.5909321709560916,2015.0
0.28700799994,17.0,3.0,0.36805449659720696,2015.0
0.264753321858,18.0,3.0,0.34281180656783955,2015.0
0.258133371005,19.0,3.0,0.3398830378014032,2015.0
0.264813041381,20.0,3.0,0.3655900721071953,2015.0
0.26103355923800003,21.0,3.0,0.1876138583393285,2015.0
0.267201671516,22.0,3.0,0.3640752674040817,2015.0
0.266383060138,23.0,3.0,0.3640752674040817,2015.0
0.25726836952000004,24.0,3.0,0.3597909099175472,2015.0
0.24529569878399998,25.0,3.0,0.4447331930576246,2015.0
0.257395282501,26.0,3.0,0.46082937816753433,2015.0
0.248115749977,27.0,3.0,0.42272167886759016,2015.0
0.251663349264,28.0,3.0,0.43513352783235537,2015.0
0.242814795172,29.0,3.0,0.1484026636211804,2015.0
0.247684041232,30.0,3.0,0.0842224859417516,2015.0
0.244820106644,31.0,3.0,0.4080722790042978,2015.0
0.245032840167,1.0,4.0,2.8175060501829665,2015.0
0.250329918666,2.0,4.0,2.8786634031262444,2015.0
0.254430634091,3.0,4.0,2.067473836501711,2015.0
0.25032772197,4.0,4.0,2.572834430093231,2015.0
0.254962787487,5.0,4.0,3.4798326114663256,2015.0
0.25622107361199997,6.0,4.0,3.209347596519194,2015.0
0.254285590383,7.0,4.0,3.1677780601834598,2015.0
0.247014398322,8.0,4.0,3.2279241450294407,2015.0
0.24298076824,9.0,4.0,3.0439680962584585,2015.0
0.241116298803,10.0,4.0,2.9360753280023606,2015.0
0.236495171203,11.0,4.0,3.11505508864878,2015.0
0.23835632228200002,12.0,4.0,3.147146383194332,2015.0
0.230165371925,13.0,4.0,3.0083283997534314,2015.0
0.225482855658,14.0,4.0,3.009085200005492,2015.0
0.221598505255,15.0,4.0,3.080232848889772,2015.0
0.226989862106,16.0,4.0,3.1371922263026994,2015.0
0.22897632077,17.0,4.0,2.3258567070933016,2015.0
0.222790650883,18.0,4.0,2.292815176273305,2015.0
0.226423359563,19.0,4.0,2.2898864075068683,2015.0
0.225668561853,20.0,4.0,2.2683010565197588,2015.0
0.22828205197,21.0,4.0,2.099822633528119,2015.0
0.235459530584,22.0,4.0,2.5634223262123506,2015.0
0.23342180450500002,23.0,4.0,2.6838547008083538,2015.0
0.23201578207200002,24.0,4.0,2.7002008896692606,2015.0
0.22734714257799998,25.0,4.0,2.757763805719698,2015.0
0.22052767372100002,26.0,4.0,2.7738599908296075,2015.0
0.226171275732,27.0,4.0,2.7357522915296633,2015.0
0.226069398692,28.0,4.0,2.7481641404944286,2015.0
0.226230458308,29.0,4.0,2.367666760612924,2015.0
0.233000758064,30.0,4.0,2.2889135092101225,2015.0
0.233539966518,1.0,5.0,1.7365328829481457,2015.0
0.234197417007,2.0,5.0,1.8364400065318156,2015.0
0.239740683259,3.0,5.0,1.2719623555864321,2015.0
0.23928885777900002,4.0,5.0,1.818028948574045,2015.0
0.234124024234,5.0,5.0,2.152318004818952,2015.0
0.230969589218,6.0,5.0,1.9136701670238112,2015.0
0.231845736459,7.0,5.0,1.8721006306880768,2015.0
0.238968200905,8.0,5.0,2.0012898564250143,2015.0
0.240884542426,9.0,5.0,1.8173338076540315,2015.0
0.23832495778200002,10.0,5.0,1.709441039397934,2015.0
0.242416259579,11.0,5.0,1.513513705915306,2015.0
0.24089627518,12.0,5.0,1.932168297060739,2015.0
0.24156228751800002,13.0,5.0,1.7933503136198372,2015.0
0.235795721224,14.0,5.0,1.7941071138718985,2015.0
0.239294011992,15.0,5.0,1.8730717010231839,2015.0
0.23897415441800002,16.0,5.0,1.9300310784361112,2015.0
0.236613077822,17.0,5.0,1.5680721087998624,2015.0
0.23401519546,18.0,5.0,1.6253963979861255,2015.0
0.233234618753,19.0,5.0,1.6224676292196891,2015.0
0.233994768166,20.0,5.0,1.3378414971958357,2015.0
0.234692467838,21.0,5.0,1.0637093585246278,2015.0
0.236863925496,22.0,5.0,1.1106146657938218,2015.0
0.23996281817100001,23.0,5.0,1.0827409171360765,2015.0
0.23948620687,24.0,5.0,1.099087105996983,2015.0
0.23645042503900002,25.0,5.0,1.0347153899192962,2015.0
0.235827234888,26.0,5.0,1.050811575029206,2015.0
0.23680235666799998,27.0,5.0,1.012703875729262,2015.0
0.235431618433,28.0,5.0,1.025115724694027,2015.0
0.23563031199599999,29.0,5.0,0.6595941895430859,2015.0
0.233454250291,30.0,5.0,0.5962834093287916,2015.0
0.23375858895600002,31.0,5.0,0.7929087448298159,2015.0
0.228353960228,1.0,6.0,0.5891469128605779,2015.0
0.228035012844,2.0,6.0,0.6890540364442475,2015.0
0.226269641654,3.0,6.0,0.18056166423120523,2015.0
0.225632202797,4.0,6.0,0.7065640425691849,2015.0
0.22283519748,5.0,6.0,0.9496073278695654,2015.0
0.225148316811,6.0,6.0,0.6533391260359795,2015.0
0.224673373333,7.0,6.0,0.7264448810654525,2015.0
0.22681811076400002,8.0,6.0,0.8601365460719198,2015.0
0.227037681531,9.0,6.0,0.724481520506194,2015.0
0.227788792887,10.0,6.0,0.5844138610806384,2015.0
0.230356868558,11.0,6.0,0.3715977521098883,2015.0
0.23012700695899999,12.0,6.0,0.7830408143495101,2015.0
0.22897344441499998,13.0,6.0,0.677673506785754,2015.0
0.231717820829,14.0,6.0,0.6784303070378155,2015.0
0.233055424536,15.0,6.0,0.8455211227283981,2015.0
0.244985946473,16.0,6.0,0.8911660734122997,2015.0
0.250781558694,17.0,6.0,0.7193347663123804,2015.0
0.245762563561,18.0,6.0,0.816593074371058,2015.0
0.246503579164,19.0,6.0,0.8136643056046216,2015.0
0.243222090685,20.0,6.0,0.6992373586851038,2015.0
0.241014282783,21.0,6.0,0.5548865154362292,2015.0
0.245681432615,22.0,6.0,0.6159974289407805,2015.0
0.244136141041,23.0,6.0,0.5992486322779965,2015.0
0.242372475532,24.0,6.0,0.6072718820592005,2015.0
0.241614048371,25.0,6.0,0.6542275423342807,2015.0
0.242106935562,26.0,6.0,0.6703237274441902,2015.0
0.246879583987,27.0,6.0,0.6322160281442463,2015.0
0.250610853905,28.0,6.0,0.6446278771090115,2015.0
0.257878199311,29.0,6.0,0.568505375800099,2015.0
0.265008183534,30.0,6.0,0.5180579822408694,2015.0
0.260020103998,1.0,7.0,0.6367444926735853,2015.0
0.25575333804100003,2.0,7.0,0.736651616257255,2015.0
0.259012111126,3.0,7.0,0.22994779820108804,2015.0
0.257252073494,4.0,7.0,0.7559501765390678,2015.0
0.266528802575,5.0,7.0,1.0200863081648786,2015.0
0.273756342834,6.0,7.0,0.7215395343368305,2015.0
0.266754502999,7.0,7.0,0.8023362919611648,2015.0
0.268877107103,8.0,7.0,0.936027956967632,2015.0
0.271548423741,9.0,7.0,0.8071789041037047,2015.0
0.285052908468,10.0,7.0,0.6671112446781492,2015.0
0.29348754693900003,11.0,7.0,0.4520872299030053,2015.0
0.306581848378,12.0,7.0,0.8635302921426267,2015.0
0.29196855607600003,13.0,7.0,0.7581629845788705,2015.0
0.290961886848,14.0,7.0,0.758919784830932,2015.0
0.289100150058,15.0,7.0,0.9267946748903385,2015.0
0.279659959387,16.0,7.0,0.9724396255742401,2015.0
0.27875736842300003,17.0,7.0,0.8087555508862306,2015.0
0.279703966612,18.0,7.0,0.9176815936886329,2015.0
0.27503244168499996,19.0,7.0,0.9147528249221965,2015.0
0.278724430268,20.0,7.0,0.8514303488935999,2015.0
0.279380021458,21.0,7.0,0.794181256299715,2015.0
0.27689411261999997,22.0,7.0,0.8320730459903436,2015.0
0.27676445461,23.0,7.0,0.8085379641173687,2015.0
0.285993796101,24.0,7.0,0.8165612138985726,2015.0
0.289148516612,25.0,7.0,0.8143967693897496,2015.0
0.28941607203299996,26.0,7.0,0.8304929544996591,2015.0
0.291010899629,27.0,7.0,0.7923852551997151,2015.0
0.293007053324,28.0,7.0,0.7996607293721413,2015.0
0.289709193912,29.0,7.0,0.7552829321161525,2015.0
0.28698818071599996,30.0,7.0,0.6955307757989614,2015.0
0.288950941774,31.0,7.0,0.8217886367082267,2015.0
0.283998332337,1.0,8.0,0.8718989518070962,2015.0
0.28081505561500003,2.0,8.0,0.9050078491277033,2015.0
0.283704695662,3.0,8.0,0.4207549777386191,2015.0
0.282136636495,4.0,8.0,0.9560660629405022,2015.0
0.284127909299,5.0,8.0,1.2202021945663137,2015.0
0.282666696762,6.0,8.0,0.9216554207382651,2015.0
0.281669928299,7.0,8.0,1.0024521783626004,2015.0
0.26950124331,8.0,8.0,1.136143843369067,2015.0
0.26239324450100004,9.0,8.0,1.0072947905051415,2015.0
0.266552951449,10.0,8.0,0.8672271310795836,2015.0
0.264233211323,11.0,8.0,0.6213743655486594,2015.0
0.268394599955,12.0,8.0,1.032817427788281,2015.0
0.26591295527500003,13.0,8.0,0.9274501202245248,2015.0
0.26733846431,14.0,8.0,0.9282069204765863,2015.0
0.26634430841199996,15.0,8.0,1.0826419979065127,2015.0
0.26266834500700004,16.0,8.0,1.0671602030385186,2015.0
0.26079704931200004,17.0,8.0,1.0003412585742297,2015.0
0.240347293256,18.0,8.0,1.1849313767674332,2015.0
0.23365518260600002,19.0,8.0,1.182002608000997,2015.0
0.235813076639,20.0,8.0,1.118680131972401,2015.0
0.235228942888,21.0,8.0,1.0767206813490613,2015.0
0.22773360102,22.0,8.0,1.0480519558912686,2015.0
0.229716829891,23.0,8.0,1.0245168740182944,2015.0
0.217460192371,24.0,8.0,1.0325401237994982,2015.0
0.218651434622,25.0,8.0,1.0492725935168998,2015.0
0.231595276041,26.0,8.0,1.0653687786268082,2015.0
0.228196626442,27.0,8.0,1.0272610793268653,2015.0
0.231038663413,28.0,8.0,1.0345365534992919,2015.0
0.232233386304,29.0,8.0,0.9749833447166859,2015.0
0.229191165154,30.0,8.0,0.6705892093919393,2015.0
0.229030688554,31.0,8.0,0.7968470703012034,2015.0
0.22861717170399998,1.0,9.0,0.8156604119478842,2015.0
0.228949420608,2.0,9.0,0.845752222907427,2015.0
0.228669161182,3.0,9.0,0.36149935151834267,2015.0
0.22972866814700002,4.0,9.0,0.896810436720226,2015.0
0.235085768444,5.0,9.0,1.1609465683460376,2015.0
0.240139792935,6.0,9.0,0.8623997945179889,2015.0
0.24048826175299998,7.0,9.0,0.9431965521423232,2015.0
0.24376634153200002,8.0,9.0,1.0768882171487908,2015.0
0.23990993339400002,9.0,9.0,0.9480391642848633,2015.0
0.238517526104,10.0,9.0,0.8079715048593074,2015.0
0.24120751337799998,11.0,9.0,0.5621187393283832,2015.0
0.237622825225,12.0,9.0,0.9735618015680044,2015.0
0.230942501977,13.0,9.0,0.8681944940042485,2015.0
0.22949957491200002,14.0,9.0,0.86895129425631,2015.0
0.230928912322,15.0,9.0,1.0233863716862366,2015.0
0.22973263934799998,16.0,9.0,1.0079045768182424,2015.0
0.23114749420800002,17.0,9.0,0.9410856323539533,2015.0
0.233372384228,18.0,9.0,1.1256757505471573,2015.0
0.23097860110299998,19.0,9.0,1.1227469817807207,2015.0
0.230609142077,20.0,9.0,1.0594245057521245,2015.0
0.22865575028500001,21.0,9.0,1.0174650551287854,2015.0
0.229565202274,22.0,9.0,0.9887963296709921,2015.0
0.230439537445,23.0,9.0,0.9652612477980171,2015.0
0.23221723561,24.0,9.0,0.9732844975792211,2015.0
0.23423068669400002,25.0,9.0,0.9900169672966224,2015.0
0.23530861055299998,26.0,9.0,1.0114888351519513,2015.0
0.231855447936,27.0,9.0,0.9822675531054352,2015.0
0.237889432183,28.0,9.0,0.9895430272778611,2015.0
0.237713427245,29.0,9.0,0.9959328076492536,2015.0
0.236296418786,30.0,9.0,0.9979180282999731,2015.0
0.236167187465,1.0,10.0,1.122855670053127,2015.0
0.238718047721,2.0,10.0,1.1529474810126699,2015.0
0.23690767187099998,3.0,10.0,0.7602400744777646,2015.0
0.238008352643,4.0,10.0,1.2040056948254694,2015.0
0.239267071688,5.0,10.0,1.468141826451279,2015.0
0.242439888177,6.0,10.0,1.1695950526232313,2015.0
0.24188168134899998,7.0,10.0,1.256485365178953,2015.0
0.24227293955100002,8.0,10.0,1.426984533883397,2015.0
0.24303617165,9.0,10.0,1.3021013765849563,2015.0
0.245314725717,10.0,10.0,1.1620337171594008,2015.0
0.24580935972200002,11.0,10.0,0.894474868899938,2015.0
0.246281416673,12.0,10.0,1.3059179311395606,2015.0
0.247140361192,13.0,10.0,1.200550623575805,2015.0
0.24884031268600001,14.0,10.0,1.2013074238278663,2015.0
0.25440327129400003,15.0,10.0,1.3803498526542073,2015.0
0.26002040253500003,16.0,10.0,1.3245659716085585,2015.0
0.26655464345,17.0,10.0,1.2669243294941497,2015.0
0.260869441239,18.0,10.0,1.4455108702409454,2015.0
0.26402218322099996,19.0,10.0,1.4425821014745088,2015.0
0.26776420803,20.0,10.0,1.383081469900079,2015.0
0.26774028396099997,21.0,10.0,1.3411220192767404,2015.0
0.270512837158,22.0,10.0,1.3124532938189475,2015.0
0.276740424851,23.0,10.0,1.288918211945973,2015.0
0.280630123025,24.0,10.0,1.2969414617271764,2015.0
0.28841836349699995,25.0,10.0,1.3851231558789547,2015.0
0.284624710368,26.0,10.0,1.4065950237342846,2015.0
0.293033962102,27.0,10.0,1.399213479517031,2015.0
0.297943529856,28.0,10.0,1.3401493303042338,2015.0
0.30900020961299995,29.0,10.0,1.629711347098874,2015.0
0.32175837452,30.0,10.0,1.592991077170001,2015.0
0.317892802904,31.0,10.0,1.7304362294608,2015.0
0.31667198527699997,1.0,11.0,1.2893778771229476,2015.0
0.333742208264,2.0,11.0,1.3109185631073061,2015.0
0.37501323842699996,3.0,11.0,1.1424758537793163,2015.0
0.42846118624199997,4.0,11.0,1.3762793558246487,2015.0
0.392911758717,5.0,11.0,1.5983447482924436,2015.0
0.370049829715,6.0,11.0,1.2920641477883947,2015.0
0.37887674136599997,7.0,11.0,1.3789544603441164,2015.0
0.37208536574900003,8.0,11.0,1.5494536290485605,2015.0
0.367296987958,9.0,11.0,1.4291000977131878,2015.0
0.345715964935,10.0,11.0,1.278499110777066,2015.0
0.31295862921600004,11.0,11.0,0.9465332807949917,2015.0
0.32195155231899997,12.0,11.0,1.3434411014808827,2015.0
0.33240580025000005,13.0,11.0,1.2219744172567375,2015.0
0.330974356835,14.0,11.0,1.2227312175087988,2015.0
0.321857494866,15.0,11.0,1.3998824661184548,2015.0
0.32498174215,16.0,11.0,1.344098585072806,2015.0
0.33225770493,17.0,11.0,1.2864569429583972,2015.0
0.330147433739,18.0,11.0,1.461077837608482,2015.0
0.329716226184,19.0,11.0,1.458149068842046,2015.0
0.318370962604,20.0,11.0,1.3986484372676162,2015.0
0.32242758569900004,21.0,11.0,1.3566889866442775,2015.0
0.324197174069,22.0,11.0,1.3280202611864844,2015.0
0.321775396893,23.0,11.0,1.30448517931351,2015.0
0.32315846378100005,24.0,11.0,1.3125084290947133,2015.0
0.32437341675099995,25.0,11.0,1.4006901232464917,2015.0
0.347180109545,26.0,11.0,1.4221619911018215,2015.0
0.359092629491,27.0,11.0,1.414780446884568,2015.0
0.353500085668,28.0,11.0,1.3557162976717707,2015.0
0.36037630822199995,29.0,11.0,1.6618173865083308,2015.0
0.376567728677,30.0,11.0,1.5870054596841823,2015.0
0.36458545343800003,1.0,12.0,2.670667875623265,2015.0
0.355739952303,2.0,12.0,2.659257590151264,2015.0
0.363537400498,3.0,12.0,2.135708336555474,2015.0
0.362068335826,4.0,12.0,2.3068564662798496,2015.0
0.37559213969,5.0,12.0,2.351522061796741,2015.0
0.39466192708,6.0,12.0,2.060413434601636,2015.0
0.3913702176,7.0,12.0,2.149826336228323,2015.0
0.394950573348,8.0,12.0,2.3203255049327667,2015.0
0.41286273343,9.0,12.0,2.240901908774865,2015.0
0.41466344906,10.0,12.0,2.340614790342476,2015.0
0.429055539721,11.0,12.0,1.9726069297195366,2015.0
0.430534863035,12.0,12.0,2.32040998736213,2015.0
0.43085900260599996,13.0,12.0,2.1989433031379857,2015.0
0.437593729203,14.0,12.0,2.1997001033900463,2015.0
0.453007564623,15.0,12.0,2.3768513519997034,2015.0
0.451121567835,16.0,12.0,2.321067470954055,2015.0
0.452427788928,17.0,12.0,2.266660901248089,2015.0
0.46530220459,18.0,12.0,2.567936194144813,2015.0
0.458388371751,19.0,12.0,2.6217148322355945,2015.0
0.447440798273,20.0,12.0,2.580516993803324,2015.0
0.43982972198099995,21.0,12.0,2.536751650327954,2015.0
0.439394503038,22.0,12.0,2.4550527925869794,2015.0
0.442805069365,23.0,12.0,2.398466205973215,2015.0
0.451972577658,24.0,12.0,2.406489455754419,2015.0
0.455616457702,25.0,12.0,2.779646715255552,2015.0
0.421410501573,26.0,12.0,2.8011185831108816,2015.0
0.42254316990900004,27.0,12.0,2.814095178432511,2015.0
0.425829154852,28.0,12.0,2.7550310292197135,2015.0
0.429707510554,29.0,12.0,3.111870158373608,2015.0
0.42812184881299997,30.0,12.0,3.037058231549459,2015.0
0.423342393109,31.0,12.0,3.182473531611478,2015.0
0.433197419197,1.0,1.0,0.4843104245705861,2016.0
0.432989873224,2.0,1.0,0.5399286158049844,2016.0
0.427434460328,3.0,1.0,0.049043989650815634,2016.0
0.430631978814,4.0,1.0,0.3107909970227745,2016.0
0.43051360069600003,5.0,1.0,0.7871549506429635,2016.0
0.428381249337,6.0,1.0,0.5392706135157345,2016.0
0.44662060615899996,7.0,1.0,0.49584891153879795,2016.0
0.454347884578,8.0,1.0,0.5687516728493608,2016.0
0.45444526743900004,9.0,1.0,0.40215615786697406,2016.0
0.447733606251,10.0,1.0,0.34865511145566747,2016.0
0.449573412254,11.0,1.0,0.5276348721020864,2016.0
0.44874133718000003,12.0,1.0,0.5473206694089312,2016.0
0.43442432347599996,13.0,1.0,0.4106958840512188,2016.0
0.432608324845,14.0,1.0,0.4114526843032802,2016.0
0.397019737001,15.0,1.0,0.5135029414210086,2016.0
0.375253690586,16.0,1.0,0.5845771278141577,2016.0
0.388136221233,17.0,1.0,0.35541016174044665,2016.0
0.386205222397,18.0,1.0,0.33016747171107935,2016.0
0.38453745227,19.0,1.0,0.327238702944643,2016.0
0.402508821905,20.0,1.0,0.352945737250435,2016.0
0.415302976917,21.0,1.0,0.17496952348256814,2016.0
0.394484037468,22.0,1.0,0.34338547868188024,2016.0
0.38908283605000005,23.0,1.0,0.34338547868188024,2016.0
0.395583534408,24.0,1.0,0.33910112119534574,2016.0
0.395971571153,25.0,1.0,0.42404340433542315,2016.0
0.396440152343,26.0,1.0,0.4401395894453329,2016.0
0.0,27.0,1.0,0.4020318901453887,2016.0
0.0,28.0,1.0,0.4144437391101539,2016.0
0.0,29.0,1.0,0.1174476051197922,2016.0
0.0,30.0,1.0,0.05326742744036342,2016.0
0.0,31.0,1.0,0.37711722050290936,2016.0
0.0,1.0,2.0,0.47225437129276826,2016.0
0.0,2.0,2.0,0.5278725625271669,2016.0
0.0,3.0,2.0,0.036987936372997576,2016.0
0.0,4.0,2.0,0.29873494374495635,2016.0
0.0,5.0,2.0,0.7926945820671272,2016.0
0.0,6.0,2.0,0.5456256566576684,2016.0
0.0,7.0,2.0,0.5022039546807315,2016.0
0.0,8.0,2.0,0.5751067159912947,2016.0
0.0,9.0,2.0,0.4085112010089078,2016.0
0.0,10.0,2.0,0.355010154597601,2016.0
0.0,11.0,2.0,0.5339899152440203,2016.0
0.0,12.0,2.0,0.5536757125508651,2016.0
0.0,13.0,2.0,0.4170509271931527,2016.0
0.0,14.0,2.0,0.41780772744521405,2016.0
0.0,15.0,2.0,0.5198579845629425,2016.0
0.0,16.0,2.0,0.5909321709560916,2016.0
0.0,17.0,2.0,0.36805449659720696,2016.0
0.0,18.0,2.0,0.34281180656783955,2016.0
0.0,19.0,2.0,0.3398830378014032,2016.0
0.0,20.0,2.0,0.3655900721071953,2016.0
0.0,21.0,2.0,0.1876138583393285,2016.0
0.0,22.0,2.0,0.3640752674040817,2016.0
0.0,23.0,2.0,0.3640752674040817,2016.0
0.0,24.0,2.0,0.3597909099175472,2016.0
0.0,25.0,2.0,0.4447331930576246,2016.0
0.0,26.0,2.0,0.46082937816753433,2016.0
0.0,27.0,2.0,0.42272167886759016,2016.0
0.0,28.0,2.0,0.43513352783235537,2016.0
0.0,29.0,2.0,0.1484026636211804,2016.0
0.0,1.0,3.0,2.8175060501829665,2016.0
0.0,2.0,3.0,2.8786634031262444,2016.0
0.0,3.0,3.0,2.067473836501711,2016.0
0.0,4.0,3.0,2.572834430093231,2016.0
0.395989398923,5.0,3.0,3.4798326114663256,2016.0
0.39974262023199997,6.0,3.0,3.209347596519194,2016.0
0.406633045089,7.0,3.0,3.1677780601834598,2016.0
0.410984274251,8.0,3.0,3.2279241450294407,2016.0
0.409412548539,9.0,3.0,3.0439680962584585,2016.0
0.41456858942700003,10.0,3.0,2.9360753280023606,2016.0
0.41978380870500004,11.0,3.0,3.11505508864878,2016.0
0.412239602017,12.0,3.0,3.147146383194332,2016.0
0.409023910015,13.0,3.0,3.0083283997534314,2016.0
0.412325896833,14.0,3.0,3.009085200005492,2016.0
0.415053209915,15.0,3.0,3.080232848889772,2016.0
0.41583354211699997,16.0,3.0,3.1371922263026994,2016.0
0.42043552651,17.0,3.0,2.3258567070933016,2016.0
0.41332476798,18.0,3.0,2.292815176273305,2016.0
0.409815754071,19.0,3.0,2.2898864075068683,2016.0
0.41242472162399996,20.0,3.0,2.2683010565197588,2016.0
0.411176961639,21.0,3.0,2.099822633528119,2016.0
0.41558215759,22.0,3.0,2.5634223262123506,2016.0
0.415180761404,23.0,3.0,2.6838547008083538,2016.0
0.416432379594,24.0,3.0,2.7002008896692606,2016.0
0.416532473542,25.0,3.0,2.757763805719698,2016.0
0.417115036433,26.0,3.0,2.7738599908296075,2016.0
0.423783998783,27.0,3.0,2.7357522915296633,2016.0
0.424152431004,28.0,3.0,2.7481641404944286,2016.0
0.418196918217,29.0,3.0,2.367666760612924,2016.0
0.412534648721,30.0,3.0,2.2889135092101225,2016.0
0.416021498625,31.0,3.0,2.8767378580004346,2016.0
0.417476134622,1.0,4.0,1.7365328829481457,2016.0
0.421062755588,2.0,4.0,1.8364400065318156,2016.0
0.42002527479,3.0,4.0,1.2719623555864321,2016.0
0.419834134915,4.0,4.0,1.818028948574045,2016.0
0.42302821802400004,5.0,4.0,2.152318004818952,2016.0
0.423093362702,6.0,4.0,1.9136701670238112,2016.0
0.422655168812,7.0,4.0,1.8721006306880768,2016.0
0.42336053876699997,8.0,4.0,2.0012898564250143,2016.0
0.417628153155,9.0,4.0,1.8173338076540315,2016.0
0.420321799612,10.0,4.0,1.709441039397934,2016.0
0.421780798965,11.0,4.0,1.513513705915306,2016.0
0.42616760542800003,12.0,4.0,1.932168297060739,2016.0
0.42454227003300005,13.0,4.0,1.7933503136198372,2016.0
0.42391388522800005,14.0,4.0,1.7941071138718985,2016.0
0.428486068225,15.0,4.0,1.8730717010231839,2016.0
0.430650292087,16.0,4.0,1.9300310784361112,2016.0
0.42761071162500003,17.0,4.0,1.5680721087998624,2016.0
0.428220836095,18.0,4.0,1.6253963979861255,2016.0
0.430919397074,19.0,4.0,1.6224676292196891,2016.0
0.439295710574,20.0,4.0,1.3378414971958357,2016.0
0.44467974251,21.0,4.0,1.0637093585246278,2016.0
0.446937137252,22.0,4.0,1.1106146657938218,2016.0
0.447604591626,23.0,4.0,1.0827409171360765,2016.0
0.453904248412,24.0,4.0,1.099087105996983,2016.0
0.462249714137,25.0,4.0,1.0347153899192962,2016.0
0.46703112929,26.0,4.0,1.050811575029206,2016.0
0.455132961902,27.0,4.0,1.012703875729262,2016.0
0.445844192757,28.0,4.0,1.025115724694027,2016.0
0.451197266506,29.0,4.0,0.6595941895430859,2016.0
0.453118465701,30.0,4.0,0.5962834093287916,2016.0
0.451355001067,1.0,5.0,0.5891469128605779,2016.0
0.444806809902,2.0,5.0,0.6890540364442475,2016.0
0.44782500909,3.0,5.0,0.18056166423120523,2016.0
0.448085838708,4.0,5.0,0.7065640425691849,2016.0
0.448354194591,5.0,5.0,0.9496073278695654,2016.0
0.452666914357,6.0,5.0,0.6533391260359795,2016.0
0.459966254764,7.0,5.0,0.7264448810654525,2016.0
0.458785556746,8.0,5.0,0.8601365460719198,2016.0
0.462320454297,9.0,5.0,0.724481520506194,2016.0
0.456171743866,10.0,5.0,0.5844138610806384,2016.0
0.453068514037,11.0,5.0,0.3715977521098883,2016.0
0.452044499353,12.0,5.0,0.7830408143495101,2016.0
0.455417114765,13.0,5.0,0.677673506785754,2016.0
0.455706947928,14.0,5.0,0.6784303070378155,2016.0
0.456692992256,15.0,5.0,0.8455211227283981,2016.0
0.455765479169,16.0,5.0,0.8911660734122997,2016.0
0.453013367244,17.0,5.0,0.7193347663123804,2016.0
0.45417759867699997,18.0,5.0,0.816593074371058,2016.0
0.441674245066,19.0,5.0,0.8136643056046216,2016.0
0.437030206485,20.0,5.0,0.6992373586851038,2016.0
0.438366230266,21.0,5.0,0.5548865154362292,2016.0
0.439973452299,22.0,5.0,0.6159974289407805,2016.0
0.43913338108300004,23.0,5.0,0.5992486322779965,2016.0
0.443642122527,24.0,5.0,0.6072718820592005,2016.0
0.446712728941,25.0,5.0,0.6542275423342807,2016.0
0.449827815331,26.0,5.0,0.6703237274441902,2016.0
0.466982620434,27.0,5.0,0.6322160281442463,2016.0
0.499226045783,28.0,5.0,0.6446278771090115,2016.0
0.524965484985,29.0,5.0,0.568505375800099,2016.0
0.5310509740810001,30.0,5.0,0.5180579822408694,2016.0
0.5328639498759999,31.0,5.0,0.6443158431501347,2016.0
0.531805207594,1.0,6.0,0.6367444926735853,2016.0
0.534072592091,2.0,6.0,0.736651616257255,2016.0
0.56260371976,3.0,6.0,0.22994779820108804,2016.0
0.575020625663,4.0,6.0,0.7559501765390678,2016.0
0.577443778976,5.0,6.0,1.0200863081648786,2016.0
0.582268785814,6.0,6.0,0.7215395343368305,2016.0
0.577310894452,7.0,6.0,0.8023362919611648,2016.0
0.5785760197600001,8.0,6.0,0.936027956967632,2016.0
0.576588171994,9.0,6.0,0.8071789041037047,2016.0
0.578873624895,10.0,6.0,0.6671112446781492,2016.0
0.58994470015,11.0,6.0,0.4520872299030053,2016.0
0.641386849638,12.0,6.0,0.8635302921426267,2016.0
0.6913935897769999,13.0,6.0,0.7581629845788705,2016.0
0.6805585787170001,14.0,6.0,0.758919784830932,2016.0
0.686663821399,15.0,6.0,0.9267946748903385,2016.0
0.744235153621,16.0,6.0,0.9724396255742401,2016.0
0.7451632043399999,17.0,6.0,0.8087555508862306,2016.0
0.76157385561,18.0,6.0,0.9176815936886329,2016.0
0.7604063962290001,19.0,6.0,0.9147528249221965,2016.0
0.74788635521,20.0,6.0,0.8514303488935999,2016.0
0.676990218208,21.0,6.0,0.794181256299715,2016.0
0.639728907395,22.0,6.0,0.8320730459903436,2016.0
0.5929166523799999,23.0,6.0,0.8085379641173687,2016.0
0.666198787391,24.0,6.0,0.8165612138985726,2016.0
0.6788073648040001,25.0,6.0,0.8143967693897496,2016.0
0.643245786393,26.0,6.0,0.8304929544996591,2016.0
0.645413974251,27.0,6.0,0.7923852551997151,2016.0
0.651658578701,28.0,6.0,0.7996607293721413,2016.0
0.633339451416,29.0,6.0,0.7552829321161525,2016.0
0.664143362215,30.0,6.0,0.6955307757989614,2016.0
0.6781965083579999,1.0,7.0,0.8718989518070962,2016.0
0.690260609898,2.0,7.0,0.9050078491277033,2016.0
0.675397587832,3.0,7.0,0.4207549777386191,2016.0
0.670573062813,4.0,7.0,0.9560660629405022,2016.0
0.671460896994,5.0,7.0,1.2202021945663137,2016.0
0.674516716589,6.0,7.0,0.9216554207382651,2016.0
0.632354564548,7.0,7.0,1.0024521783626004,2016.0
0.6519960873899999,8.0,7.0,1.136143843369067,2016.0
0.649151703701,9.0,7.0,1.0072947905051415,2016.0
0.6478767189610001,10.0,7.0,0.8672271310795836,2016.0
0.650643367339,11.0,7.0,0.6213743655486594,2016.0
0.6632981724679999,12.0,7.0,1.032817427788281,2016.0
0.662278995658,13.0,7.0,0.9274501202245248,2016.0
0.660544954764,14.0,7.0,0.9282069204765863,2016.0
0.6650179448489999,15.0,7.0,1.0826419979065127,2016.0
0.6651614754690001,16.0,7.0,1.0671602030385186,2016.0
0.6759628254169999,17.0,7.0,1.0003412585742297,2016.0
0.67750821496,18.0,7.0,1.1849313767674332,2016.0
0.6714320364830001,19.0,7.0,1.182002608000997,2016.0
0.668861231188,20.0,7.0,1.118680131972401,2016.0
0.6656848593219999,21.0,7.0,1.0767206813490613,2016.0
0.658270136104,22.0,7.0,1.0480519558912686,2016.0
0.653992564593,23.0,7.0,1.0245168740182944,2016.0
0.6607583076019999,24.0,7.0,1.0325401237994982,2016.0
0.65683255226,25.0,7.0,1.0492725935168998,2016.0
0.6527155212210001,26.0,7.0,1.0653687786268082,2016.0
0.6552898564890001,27.0,7.0,1.0272610793268653,2016.0
0.6567233948760001,28.0,7.0,1.0345365534992919,2016.0
0.655598182885,29.0,7.0,0.9749833447166859,2016.0
0.655176338173,30.0,7.0,0.6705892093919393,2016.0
0.633719827647,31.0,7.0,0.7968470703012034,2016.0
0.616552924058,1.0,8.0,0.8156604119478842,2016.0
0.5579413708119999,2.0,8.0,0.845752222907427,2016.0
0.543508698608,3.0,8.0,0.36149935151834267,2016.0
0.5783509147989999,4.0,8.0,0.896810436720226,2016.0
0.574324269923,5.0,8.0,1.1609465683460376,2016.0
0.581750073941,6.0,8.0,0.8623997945179889,2016.0
0.592524278414,7.0,8.0,0.9431965521423232,2016.0
0.590468872868,8.0,8.0,1.0768882171487908,2016.0
0.5877809494209999,9.0,8.0,0.9480391642848633,2016.0
0.592217628563,10.0,8.0,0.8079715048593074,2016.0
0.593045391203,11.0,8.0,0.5621187393283832,2016.0
0.587042934934,12.0,8.0,0.9735618015680044,2016.0
0.5868773915909999,13.0,8.0,0.8681944940042485,2016.0
0.572092729014,14.0,8.0,0.86895129425631,2016.0
0.568680978447,15.0,8.0,1.0233863716862366,2016.0
0.578719590916,16.0,8.0,1.0079045768182424,2016.0
0.574285471101,17.0,8.0,0.9410856323539533,2016.0
0.574439150816,18.0,8.0,1.1256757505471573,2016.0
0.5748073807199999,19.0,8.0,1.1227469817807207,2016.0
0.578590365719,20.0,8.0,1.0594245057521245,2016.0
0.581602287575,21.0,8.0,1.0174650551287854,2016.0
0.586489137934,22.0,8.0,0.9887963296709921,2016.0
0.583864893316,23.0,8.0,0.9652612477980171,2016.0
0.581867848367,24.0,8.0,0.9732844975792211,2016.0
0.574994295887,25.0,8.0,0.9900169672966224,2016.0
0.57770264873,26.0,8.0,1.0114888351519513,2016.0
0.571873416128,27.0,8.0,0.9822675531054352,2016.0
0.574494549599,28.0,8.0,0.9895430272778611,2016.0
0.577065790491,29.0,8.0,0.9959328076492536,2016.0
0.577609968201,30.0,8.0,0.9979180282999731,2016.0
0.573598856906,31.0,8.0,1.0652805835340533,2016.0
0.572221278891,1.0,9.0,1.122855670053127,2016.0
0.57298059324,2.0,9.0,1.1529474810126699,2016.0
0.590234731501,3.0,9.0,0.7602400744777646,2016.0
0.6081666880929999,4.0,9.0,1.2040056948254694,2016.0
0.6065692366340001,5.0,9.0,1.468141826451279,2016.0
0.609004137779,6.0,9.0,1.1695950526232313,2016.0
0.613538530271,7.0,9.0,1.256485365178953,2016.0
0.625806472019,8.0,9.0,1.426984533883397,2016.0
0.6248479888790001,9.0,9.0,1.3021013765849563,2016.0
0.625853263698,10.0,9.0,1.1620337171594008,2016.0
0.613474042487,11.0,9.0,0.894474868899938,2016.0
0.609985454126,12.0,9.0,1.3059179311395606,2016.0
0.61165436812,13.0,9.0,1.200550623575805,2016.0
0.6134393259859999,14.0,9.0,1.2013074238278663,2016.0
0.612553728104,15.0,9.0,1.3803498526542073,2016.0
0.609981441673,16.0,9.0,1.3245659716085585,2016.0
0.607651942415,17.0,9.0,1.2669243294941497,2016.0
0.611484226771,18.0,9.0,1.4455108702409454,2016.0
0.609856017148,19.0,9.0,1.4425821014745088,2016.0
0.608975836847,20.0,9.0,1.383081469900079,2016.0
0.597526751817,21.0,9.0,1.3411220192767404,2016.0
0.597615819277,22.0,9.0,1.3124532938189475,2016.0
0.600520217441,23.0,9.0,1.288918211945973,2016.0
0.604852620465,24.0,9.0,1.2969414617271764,2016.0
0.6006165544630001,25.0,9.0,1.3851231558789547,2016.0
0.605053001623,26.0,9.0,1.4065950237342846,2016.0
0.606135104524,27.0,9.0,1.399213479517031,2016.0
0.6053910171620001,28.0,9.0,1.3401493303042338,2016.0
0.607206857365,29.0,9.0,1.629711347098874,2016.0
0.60748765161,30.0,9.0,1.592991077170001,2016.0
0.6147982041169999,1.0,10.0,1.2893778771229476,2016.0
0.6104095235989999,2.0,10.0,1.3109185631073061,2016.0
0.612040679111,3.0,10.0,1.1424758537793163,2016.0
0.61076006895,4.0,10.0,1.3762793558246487,2016.0
0.613789745917,5.0,10.0,1.5983447482924436,2016.0
0.6136652374179999,6.0,10.0,1.2920641477883947,2016.0
0.617298212944,7.0,10.0,1.3789544603441164,2016.0
0.620459221135,8.0,10.0,1.5494536290485605,2016.0
0.6178052208489999,9.0,10.0,1.4291000977131878,2016.0
0.6172757779229999,10.0,10.0,1.278499110777066,2016.0
0.633759197412,11.0,10.0,0.9465332807949917,2016.0
0.6385429127260001,12.0,10.0,1.3434411014808827,2016.0
0.635450053575,13.0,10.0,1.2219744172567375,2016.0
0.639323537415,14.0,10.0,1.2227312175087988,2016.0
0.6433345544,15.0,10.0,1.3998824661184548,2016.0
0.64194656195,16.0,10.0,1.344098585072806,2016.0
0.640365879652,17.0,10.0,1.2864569429583972,2016.0
0.637501911538,18.0,10.0,1.461077837608482,2016.0
0.6327412167850001,19.0,10.0,1.458149068842046,2016.0
0.630086922406,20.0,10.0,1.3986484372676162,2016.0
0.633584652953,21.0,10.0,1.3566889866442775,2016.0
0.651188672131,22.0,10.0,1.3280202611864844,2016.0
0.659874885592,23.0,10.0,1.30448517931351,2016.0
0.6527776440449999,24.0,10.0,1.3125084290947133,2016.0
0.658411123269,25.0,10.0,1.4006901232464917,2016.0
0.668780264127,26.0,10.0,1.4221619911018215,2016.0
0.682206791662,27.0,10.0,1.414780446884568,2016.0
0.6877404798210001,28.0,10.0,1.3557162976717707,2016.0
0.710000874844,29.0,10.0,1.6618173865083308,2016.0
0.7017091959299999,30.0,10.0,1.5870054596841823,2016.0
0.7000019631400001,31.0,10.0,1.7244506119749814,2016.0
0.728663416699,1.0,11.0,2.670667875623265,2016.0
0.731181396879,2.0,11.0,2.659257590151264,2016.0
0.712150753375,3.0,11.0,2.135708336555474,2016.0
0.700994443438,4.0,11.0,2.3068564662798496,2016.0
0.7060062346639999,5.0,11.0,2.351522061796741,2016.0
0.7131980160020001,6.0,11.0,2.060413434601636,2016.0
0.7068933284710001,7.0,11.0,2.149826336228323,2016.0
0.711159283491,8.0,11.0,2.3203255049327667,2016.0
0.7295007875349999,9.0,11.0,2.240901908774865,2016.0
0.714812280131,10.0,11.0,2.340614790342476,2016.0
0.71574274761,11.0,11.0,1.9726069297195366,2016.0
0.707491024012,12.0,11.0,2.32040998736213,2016.0
0.694246848089,13.0,11.0,2.1989433031379857,2016.0
0.7021750048500001,14.0,11.0,2.1997001033900463,2016.0
0.712496983157,15.0,11.0,2.3768513519997034,2016.0
0.731834108648,16.0,11.0,2.321067470954055,2016.0
0.745876750802,17.0,11.0,2.266660901248089,2016.0
0.747096621974,18.0,11.0,2.567936194144813,2016.0
0.749175975271,19.0,11.0,2.6217148322355945,2016.0
0.7362308211849999,20.0,11.0,2.580516993803324,2016.0
0.735894246862,21.0,11.0,2.536751650327954,2016.0
0.7439120097840001,22.0,11.0,2.4550527925869794,2016.0
0.740992326521,23.0,11.0,2.398466205973215,2016.0
0.736906371553,24.0,11.0,2.406489455754419,2016.0
0.737841546858,25.0,11.0,2.779646715255552,2016.0
0.7338941226760001,26.0,11.0,2.8011185831108816,2016.0
0.7327493660559999,27.0,11.0,2.814095178432511,2016.0
0.733114163205,28.0,11.0,2.7550310292197135,2016.0
0.733068827267,29.0,11.0,3.111870158373608,2016.0
0.739246298729,30.0,11.0,3.037058231549459,2016.0
0.749279954231,1.0,12.0,3.9351066258343335,2016.0
0.768767377566,2.0,12.0,3.955672850463663,2016.0
0.767302473933,3.0,12.0,3.728540132106572,2016.0
0.766485245552,4.0,12.0,4.421951132747563,2016.0
0.7550576303640001,5.0,12.0,5.5682607250377245,2016.0
0.757352774357,6.0,12.0,4.572750324438562,2016.0
0.7639859995330001,7.0,12.0,5.03424630526753,2016.0
0.7702916456069999,8.0,12.0,5.616173726669908,2016.0
0.772168490406,9.0,12.0,4.227879488632092,2016.0
0.775039792492,10.0,12.0,4.192714939655175,2016.0
0.767392986305,11.0,12.0,3.8088206635292043,2016.0
0.777870573833,12.0,12.0,3.2236545776182157,2016.0
0.780744416918,13.0,12.0,3.4121483387023854,2016.0
0.779440048975,14.0,12.0,3.412905138954446,2016.0
0.7792243167740001,15.0,12.0,3.982025610002302,2016.0
0.7818747405059999,16.0,12.0,3.933307272602683,2016.0
0.7912709696460001,17.0,12.0,4.241902804285942,2016.0
0.790817805535,18.0,12.0,4.561721400866768,2016.0
0.792012802396,19.0,12.0,4.741404723204466,2016.0
0.7956521459120001,20.0,12.0,4.887073634173949,2016.0
0.8193587600969999,21.0,12.0,4.843308290698581,2016.0
0.857555376294,22.0,12.0,4.698276233516609,2016.0
0.897900629049,23.0,12.0,4.641689646902844,2016.0
0.902109940982,24.0,12.0,4.649712896684048,2016.0
0.875024013294,25.0,12.0,6.230035405849158,2016.0
0.900742085104,26.0,12.0,6.251507273704489,2016.0
0.926763778583,27.0,12.0,5.428168328443521,2016.0
0.962070843049,28.0,12.0,5.369104179230724,2016.0
0.970380327985,29.0,12.0,5.725943308384619,2016.0
0.952476626756,30.0,12.0,5.651131381560469,2016.0
0.957999676636,31.0,12.0,5.744935537868988,2016.0
0.9913899639889999,1.0,1.0,0.47225437129276826,2017.0
1.01642193432,2.0,1.0,0.5278725625271669,2017.0
1.02283703665,3.0,1.0,0.036987936372997576,2017.0
1.09460420162,4.0,1.0,0.29873494374495635,2017.0
1.0115415223,5.0,1.0,0.7926945820671272,2017.0
0.9337243111379999,6.0,1.0,0.5456256566576684,2017.0
0.863885784424,7.0,1.0,0.5022039546807315,2017.0
0.9168154073010001,8.0,1.0,0.5751067159912947,2017.0
0.896166737925,9.0,1.0,0.4085112010089078,2017.0
0.9090768509539999,10.0,1.0,0.355010154597601,2017.0
0.821890481796,11.0,1.0,0.5339899152440203,2017.0
0.794292770553,12.0,1.0,0.5536757125508651,2017.0
0.8107220122459999,13.0,1.0,0.4170509271931527,2017.0
0.8324960555049999,14.0,1.0,0.41780772744521405,2017.0
0.820771622204,15.0,1.0,0.5198579845629425,2017.0
0.8330366813819999,16.0,1.0,0.5909321709560916,2017.0
0.887190631801,17.0,1.0,0.36805449659720696,2017.0
0.887090287233,18.0,1.0,0.34281180656783955,2017.0
0.898767969282,19.0,1.0,0.3398830378014032,2017.0
0.898185894491,20.0,1.0,0.3655900721071953,2017.0
0.917685061633,21.0,1.0,0.1876138583393285,2017.0
0.920557376512,22.0,1.0,0.3640752674040817,2017.0
0.922512188981,23.0,1.0,0.3640752674040817,2017.0
0.903352541883,24.0,1.0,0.3597909099175472,2017.0
0.89450089037,25.0,1.0,0.4447331930576246,2017.0
0.909733720682,26.0,1.0,0.46082937816753433,2017.0
0.918441880758,27.0,1.0,0.42272167886759016,2017.0
0.9207236547369999,28.0,1.0,0.43513352783235537,2017.0
0.918281589054,29.0,1.0,0.1484026636211804,2017.0
0.920682324225,30.0,1.0,0.0842224859417516,2017.0
0.9508267933869999,31.0,1.0,0.4080722790042978,2017.0
0.976599042545,1.0,2.0,2.8175060501829665,2017.0
0.998124412851,2.0,2.0,2.8786634031262444,2017.0
1.01313757978,3.0,2.0,2.067473836501711,2017.0
1.02374651509,4.0,2.0,2.572834430093231,2017.0
1.01878224564,5.0,2.0,3.4798326114663256,2017.0
1.02468163793,6.0,2.0,3.209347596519194,2017.0
1.04429220971,7.0,2.0,3.1677780601834598,2017.0
1.0502900238,8.0,2.0,3.2279241450294407,2017.0
0.9928239977810001,9.0,2.0,3.0439680962584585,2017.0
0.978065292299,10.0,2.0,2.9360753280023606,2017.0
1.00840755571,11.0,2.0,3.11505508864878,2017.0
1.00541248304,12.0,2.0,3.147146383194332,2017.0
0.996452127363,13.0,2.0,3.0083283997534314,2017.0
1.0109468240800001,14.0,2.0,3.009085200005492,2017.0
1.01409885316,15.0,2.0,3.080232848889772,2017.0
1.03353717523,16.0,2.0,3.1371922263026994,2017.0
1.04977559645,17.0,2.0,2.3258567070933016,2017.0
1.06247903282,18.0,2.0,2.292815176273305,2017.0
1.0535543007900001,19.0,2.0,2.2898864075068683,2017.0
1.06615799772,20.0,2.0,2.2683010565197588,2017.0
1.10385006712,21.0,2.0,2.099822633528119,2017.0
1.12388612948,22.0,2.0,2.5634223262123506,2017.0
1.15732895161,23.0,2.0,2.6838547008083538,2017.0
1.1702701451400002,24.0,2.0,2.7002008896692606,2017.0
1.1566242066699999,25.0,2.0,2.757763805719698,2017.0
1.16147435044,26.0,2.0,2.7738599908296075,2017.0
1.1845959142900002,27.0,2.0,2.7357522915296633,2017.0
1.19114286868,28.0,2.0,2.7481641404944286,2017.0
1.21284063769,1.0,3.0,1.7365328829481457,2017.0
1.24549588249,2.0,3.0,1.8364400065318156,2017.0
1.26541580627,3.0,3.0,1.2719623555864321,2017.0
1.26003205487,4.0,3.0,1.818028948574045,2017.0
1.2579229647499999,5.0,3.0,2.152318004818952,2017.0
1.27304585691,6.0,3.0,1.9136701670238112,2017.0
1.23071330687,7.0,3.0,1.8721006306880768,2017.0
1.18399286495,8.0,3.0,2.0012898564250143,2017.0
1.16950698934,9.0,3.0,1.8173338076540315,2017.0
1.14317140982,10.0,3.0,1.709441039397934,2017.0
1.1565536969899999,11.0,3.0,1.513513705915306,2017.0
1.18832167172,12.0,3.0,1.932168297060739,2017.0
1.2189132631,13.0,3.0,1.7933503136198372,2017.0
1.23891414837,14.0,3.0,1.7941071138718985,2017.0
1.25152432967,15.0,3.0,1.8730717010231839,2017.0
1.1897956089700001,16.0,3.0,1.9300310784361112,2017.0
1.0936341488099999,17.0,3.0,1.5680721087998624,2017.0
0.991661241059,18.0,3.0,1.6253963979861255,2017.0
0.998392836785,19.0,3.0,1.6224676292196891,2017.0
1.01531017896,20.0,3.0,1.3378414971958357,2017.0
1.07790600288,21.0,3.0,1.0637093585246278,2017.0
1.0416042353600001,22.0,3.0,1.1106146657938218,2017.0
1.03351483942,23.0,3.0,1.0827409171360765,2017.0
0.973844541351,24.0,3.0,1.099087105996983,2017.0
0.92235225148,25.0,3.0,1.0347153899192962,2017.0
0.9614448724,26.0,3.0,1.050811575029206,2017.0
1.00303082641,27.0,3.0,1.012703875729262,2017.0
1.0422115217099999,28.0,3.0,1.025115724694027,2017.0
1.0336734591899999,29.0,3.0,0.6595941895430859,2017.0
1.0358488153599998,30.0,3.0,0.5962834093287916,2017.0
1.06355845997,31.0,3.0,0.7929087448298159,2017.0
1.0870469167799999,1.0,4.0,0.5891469128605779,2017.0
1.10091846836,2.0,4.0,0.6890540364442475,2017.0
1.1363949086299998,3.0,4.0,0.18056166423120523,2017.0
1.1450700551,4.0,4.0,0.7065640425691849,2017.0
1.13051781178,5.0,4.0,0.9496073278695654,2017.0
1.17250276472,6.0,4.0,0.6533391260359795,2017.0
1.19297529125,7.0,4.0,0.7264448810654525,2017.0
1.1878941483799998,8.0,4.0,0.8601365460719198,2017.0
1.1997253242700001,9.0,4.0,0.724481520506194,2017.0
1.21040671038,10.0,4.0,0.5844138610806384,2017.0
1.2183780050600002,11.0,4.0,0.3715977521098883,2017.0
1.2206249537199998,12.0,4.0,0.7830408143495101,2017.0
1.1857474261699998,13.0,4.0,0.677673506785754,2017.0
1.18705224153,14.0,4.0,0.6784303070378155,2017.0
1.1871757024399998,15.0,4.0,0.8455211227283981,2017.0
1.18290311859,16.0,4.0,0.8911660734122997,2017.0
1.19173344116,17.0,4.0,0.7193347663123804,2017.0
1.2082518520999999,18.0,4.0,0.816593074371058,2017.0
1.20479647153,19.0,4.0,0.8136643056046216,2017.0
1.22868166234,20.0,4.0,0.6992373586851038,2017.0
1.2454880335099998,21.0,4.0,0.5548865154362292,2017.0
1.23658258726,22.0,4.0,0.6159974289407805,2017.0
1.23850901244,23.0,4.0,0.5992486322779965,2017.0
1.24638093538,24.0,4.0,0.6072718820592005,2017.0
1.2667941972,25.0,4.0,0.6542275423342807,2017.0
1.2949511814899999,26.0,4.0,0.6703237274441902,2017.0
1.32011400192,27.0,4.0,0.6322160281442463,2017.0
1.32306472839,28.0,4.0,0.6446278771090115,2017.0
1.3271605901999999,29.0,4.0,0.568505375800099,2017.0
1.32851956566,30.0,4.0,0.5180579822408694,2017.0
1.38307535515,1.0,5.0,0.6367444926735853,2017.0
1.43148801771,2.0,5.0,0.736651616257255,2017.0
1.4784690670299998,3.0,5.0,0.22994779820108804,2017.0
1.5405974178,4.0,5.0,0.7559501765390678,2017.0
1.54910013691,5.0,5.0,1.0200863081648786,2017.0
1.54612468168,6.0,5.0,0.7215395343368305,2017.0
1.5086895463799999,7.0,5.0,0.8023362919611648,2017.0
1.58896655715,8.0,5.0,0.936027956967632,2017.0
1.70921300156,9.0,5.0,0.8071789041037047,2017.0
1.7479733734199998,10.0,5.0,0.6671112446781492,2017.0
1.82842837549,11.0,5.0,0.4520872299030053,2017.0
1.74152721992,12.0,5.0,0.8635302921426267,2017.0
1.69426061917,13.0,5.0,0.7581629845788705,2017.0
1.78632252559,14.0,5.0,0.758919784830932,2017.0
1.73663403837,15.0,5.0,0.9267946748903385,2017.0
1.7451612279000002,16.0,5.0,0.9724396255742401,2017.0
1.8245612979,17.0,5.0,0.8087555508862306,2017.0
1.88035788134,18.0,5.0,0.9176815936886329,2017.0
1.92578422,19.0,5.0,0.9147528249221965,2017.0
1.99135318993,20.0,5.0,0.8514303488935999,2017.0
2.03226753775,21.0,5.0,0.794181256299715,2017.0
2.10079358239,22.0,5.0,0.8320730459903436,2017.0
2.16054123887,23.0,5.0,0.8085379641173687,2017.0
2.34154660024,24.0,5.0,0.8165612138985726,2017.0
2.49217420571,25.0,5.0,0.8143967693897496,2017.0
2.3214578765900002,26.0,5.0,0.8304929544996591,2017.0
2.0122388882,27.0,5.0,0.7923852551997151,2017.0
2.1396535493699997,28.0,5.0,0.7996607293721413,2017.0
2.2053440707300003,29.0,5.0,0.7552829321161525,2017.0
2.2392540645,30.0,5.0,0.6955307757989614,2017.0
2.23826300078,31.0,5.0,0.8217886367082267,2017.0
2.38188813275,1.0,6.0,0.8718989518070962,2017.0
2.4216303686900003,2.0,6.0,0.9050078491277033,2017.0
2.52335264633,3.0,6.0,0.4207549777386191,2017.0
2.51973892351,4.0,6.0,0.9560660629405022,2017.0
2.60388905124,5.0,6.0,1.2202021945663137,2017.0
2.8184417101499997,6.0,6.0,0.9216554207382651,2017.0
2.7910871240699997,7.0,6.0,1.0024521783626004,2017.0
2.7478024039199997,8.0,6.0,1.136143843369067,2017.0
2.8276843771899998,9.0,6.0,1.0072947905051415,2017.0
2.8439557187,10.0,6.0,0.8672271310795836,2017.0
2.85368436088,11.0,6.0,0.6213743655486594,2017.0
2.70420678645,12.0,6.0,1.032817427788281,2017.0
2.70151661832,13.0,6.0,0.9274501202245248,2017.0
2.62088133152,14.0,6.0,0.9282069204765863,2017.0
2.32756550914,15.0,6.0,1.0826419979065127,2017.0
2.4448225988099996,16.0,6.0,1.0671602030385186,2017.0
2.55711813442,17.0,6.0,1.0003412585742297,2017.0
2.57141956707,18.0,6.0,1.1849313767674332,2017.0
2.5542207969699997,19.0,6.0,1.182002608000997,2017.0
2.66141122953,20.0,6.0,1.118680131972401,2017.0
2.68226118819,21.0,6.0,1.0767206813490613,2017.0
2.6658919060799997,22.0,6.0,1.0480519558912686,2017.0
2.6979351249400003,23.0,6.0,1.0245168740182944,2017.0
2.59535620068,24.0,6.0,1.0325401237994982,2017.0
2.5162538222,25.0,6.0,1.0492725935168998,2017.0
2.40407638473,26.0,6.0,1.0653687786268082,2017.0
2.38740071123,27.0,6.0,1.0272610793268653,2017.0
2.53020798103,28.0,6.0,1.0345365534992919,2017.0
2.54844920589,29.0,6.0,0.9749833447166859,2017.0
2.50423063915,30.0,6.0,0.6705892093919393,2017.0
2.43216620613,1.0,7.0,0.8156604119478842,2017.0
2.44111456464,2.0,7.0,0.845752222907427,2017.0
2.52432839925,3.0,7.0,0.36149935151834267,2017.0
2.60014954701,4.0,7.0,0.896810436720226,2017.0
2.57740744521,5.0,7.0,1.1609465683460376,2017.0
2.59692324018,6.0,7.0,0.8623997945179889,2017.0
2.53623649277,7.0,7.0,0.9431965521423232,2017.0
2.50853330859,8.0,7.0,1.0768882171487908,2017.0
2.53416006972,9.0,7.0,0.9480391642848633,2017.0
2.4210639841000003,10.0,7.0,0.8079715048593074,2017.0
2.32956724365,11.0,7.0,0.5621187393283832,2017.0
2.3404689591400003,12.0,7.0,0.9735618015680044,2017.0
2.3646614806399997,13.0,7.0,0.8681944940042485,2017.0
2.24548310902,14.0,7.0,0.86895129425631,2017.0
2.06163328719,15.0,7.0,1.0233863716862366,2017.0
1.91307045623,16.0,7.0,1.0079045768182424,2017.0
2.0643116742900003,17.0,7.0,0.9410856323539533,2017.0
2.28028165647,18.0,7.0,1.1256757505471573,2017.0
2.30705908451,19.0,7.0,1.1227469817807207,2017.0
2.61336726079,20.0,7.0,1.0594245057521245,2017.0
2.73167377496,21.0,7.0,1.0174650551287854,2017.0
2.78855839432,22.0,7.0,0.9887963296709921,2017.0
2.77455705181,23.0,7.0,0.9652612477980171,2017.0
2.76082892798,24.0,7.0,0.9732844975792211,2017.0
2.58236379386,25.0,7.0,0.9900169672966224,2017.0
2.4960170339800003,26.0,7.0,1.0114888351519513,2017.0
2.58407900611,27.0,7.0,0.9822675531054352,2017.0
2.76373513856,28.0,7.0,0.9895430272778611,2017.0
2.73527861554,29.0,7.0,0.9959328076492536,2017.0
2.71407983046,30.0,7.0,0.9979180282999731,2017.0
2.81064496521,31.0,7.0,1.0652805835340533,2017.0
2.78157257188,1.0,8.0,1.122855670053127,2017.0
2.70919024103,2.0,8.0,1.1529474810126699,2017.0
2.74906365322,3.0,8.0,0.7602400744777646,2017.0
2.8410721916000004,4.0,8.0,1.2040056948254694,2017.0
3.16762294109,5.0,8.0,1.468141826451279,2017.0
3.24503134217,6.0,8.0,1.1695950526232313,2017.0
3.32897385558,7.0,8.0,1.256485365178953,2017.0
3.42898906025,8.0,8.0,1.426984533883397,2017.0
3.35434731472,9.0,8.0,1.3021013765849563,2017.0
3.42390467897,10.0,8.0,1.1620337171594008,2017.0
3.5511349047499996,11.0,8.0,0.894474868899938,2017.0
3.8197614300800002,12.0,8.0,1.3059179311395606,2017.0
4.0398336617999995,13.0,8.0,1.200550623575805,2017.0
4.21325751893,14.0,8.0,1.2013074238278663,2017.0
4.14914699585,15.0,8.0,1.3803498526542073,2017.0
4.187399661770001,16.0,8.0,1.3245659716085585,2017.0
4.34650803118,17.0,8.0,1.2669243294941497,2017.0
4.19569757894,18.0,8.0,1.4455108702409454,2017.0
4.121371679369999,19.0,8.0,1.4425821014745088,2017.0
4.1142580589,20.0,8.0,1.383081469900079,2017.0
4.04450862017,21.0,8.0,1.3411220192767404,2017.0
3.91959523464,22.0,8.0,1.3124532938189475,2017.0
4.17856526117,23.0,8.0,1.288918211945973,2017.0
4.23488732174,24.0,8.0,1.2969414617271764,2017.0
4.38673035307,25.0,8.0,1.3851231558789547,2017.0
4.3296254608,26.0,8.0,1.4065950237342846,2017.0
4.35269686231,27.0,8.0,1.399213479517031,2017.0
4.29663153503,28.0,8.0,1.3401493303042338,2017.0
4.5206571032600005,29.0,8.0,1.629711347098874,2017.0
4.57608702397,30.0,8.0,1.592991077170001,2017.0
4.6797197052,31.0,8.0,1.7304362294608,2017.0
4.8146126319,1.0,9.0,1.2893778771229476,2017.0
4.70921626284,2.0,9.0,1.3109185631073061,2017.0
4.611887808790001,3.0,9.0,1.1424758537793163,2017.0
4.38482431826,4.0,9.0,1.3762793558246487,2017.0
4.34180489097,5.0,9.0,1.5983447482924436,2017.0
4.61415160521,6.0,9.0,1.2920641477883947,2017.0
4.6396658117300005,7.0,9.0,1.3789544603441164,2017.0
4.431414226189999,8.0,9.0,1.5494536290485605,2017.0
4.33895694084,9.0,9.0,1.4291000977131878,2017.0
4.24349486093,10.0,9.0,1.278499110777066,2017.0
4.2468019220699995,11.0,9.0,0.9465332807949917,2017.0
4.24848183625,12.0,9.0,1.3434411014808827,2017.0
3.92162034464,13.0,9.0,1.2219744172567375,2017.0
3.5222916099,14.0,9.0,1.2227312175087988,2017.0
3.40344533776,15.0,9.0,1.3998824661184548,2017.0
3.77114357968,16.0,9.0,1.344098585072806,2017.0
3.6789972600299996,17.0,9.0,1.2864569429583972,2017.0
3.9845761718899997,18.0,9.0,1.461077837608482,2017.0
3.9676036018,19.0,9.0,1.458149068842046,2017.0
3.9416977540900002,20.0,9.0,1.3986484372676162,2017.0
3.7412468309599998,21.0,9.0,1.3566889866442775,2017.0
3.62434977741,22.0,9.0,1.3280202611864844,2017.0
3.74529811205,23.0,9.0,1.30448517931351,2017.0
3.70438212411,24.0,9.0,1.3125084290947133,2017.0
3.85603000002,25.0,9.0,1.4006901232464917,2017.0
3.91725882266,26.0,9.0,1.4221619911018215,2017.0
4.07445610506,27.0,9.0,1.414780446884568,2017.0
4.19560276489,28.0,9.0,1.3557162976717707,2017.0
4.13264186709,29.0,9.0,1.6618173865083308,2017.0
4.290117513719999,30.0,9.0,1.5870054596841823,2017.0
4.31430529539,1.0,10.0,2.670667875623265,2017.0
4.40972165846,2.0,10.0,2.659257590151264,2017.0
4.31175708706,3.0,10.0,2.135708336555474,2017.0
4.25084298229,4.0,10.0,2.3068564662798496,2017.0
4.27296926154,5.0,10.0,2.351522061796741,2017.0
4.37380097435,6.0,10.0,2.060413434601636,2017.0
4.3632297298100005,7.0,10.0,2.149826336228323,2017.0
4.5091982561699995,8.0,10.0,2.3203255049327667,2017.0
4.69968160799,9.0,10.0,2.240901908774865,2017.0
4.818286993609999,10.0,10.0,2.340614790342476,2017.0
4.8022444099,11.0,10.0,1.9726069297195366,2017.0
5.16142414693,12.0,10.0,2.32040998736213,2017.0
5.615511554769999,13.0,10.0,2.1989433031379857,2017.0
5.69283113515,14.0,10.0,2.1997001033900463,2017.0
5.61077765763,15.0,10.0,2.3768513519997034,2017.0
5.67417262985,16.0,10.0,2.321067470954055,2017.0
5.62491971389,17.0,10.0,2.266660901248089,2017.0
5.39445177479,18.0,10.0,2.567936194144813,2017.0
5.64648953065,19.0,10.0,2.6217148322355945,2017.0
5.88259501961,20.0,10.0,2.580516993803324,2017.0
6.071996250070001,21.0,10.0,2.536751650327954,2017.0
5.9091405485,22.0,10.0,2.4550527925869794,2017.0
5.85693578092,23.0,10.0,2.398466205973215,2017.0
5.67133268554,24.0,10.0,2.406489455754419,2017.0
5.56982058951,25.0,10.0,2.779646715255552,2017.0
5.863651519279999,26.0,10.0,2.8011185831108816,2017.0
5.82491186537,27.0,10.0,2.814095178432511,2017.0
5.751871921629999,28.0,10.0,2.7550310292197135,2017.0
5.98250245698,29.0,10.0,3.111870158373608,2017.0
6.117285003,30.0,10.0,3.037058231549459,2017.0
6.29934695841,31.0,10.0,3.182473531611478,2017.0
6.5460481951,1.0,11.0,3.9351066258343335,2017.0
6.96694363478,2.0,11.0,3.955672850463663,2017.0
7.24602089563,3.0,11.0,3.728540132106572,2017.0
7.24186609991,4.0,11.0,4.421951132747563,2017.0
7.4508971297799995,5.0,11.0,5.5682607250377245,2017.0
7.213892963919999,6.0,11.0,4.572750324438562,2017.0
7.1157976004800005,7.0,11.0,5.03424630526753,2017.0
7.4127667090300005,8.0,11.0,5.616173726669908,2017.0
7.26163198977,9.0,11.0,4.227879488632092,2017.0
6.82344390925,10.0,11.0,4.192714939655175,2017.0
6.46115052756,11.0,11.0,3.8088206635292043,2017.0
5.95331597494,12.0,11.0,3.2236545776182157,2017.0
6.39829136548,13.0,11.0,3.4121483387023854,2017.0
6.6508817236599995,14.0,11.0,3.412905138954446,2017.0
7.081226281049999,15.0,11.0,3.982025610002302,2017.0
7.43432702248,16.0,11.0,3.933307272602683,2017.0
7.7945340855900005,17.0,11.0,4.241902804285942,2017.0
7.65966442366,18.0,11.0,4.561721400866768,2017.0
7.848255060800001,19.0,11.0,4.741404723204466,2017.0
8.11641693314,20.0,11.0,4.887073634173949,2017.0
8.117000751980001,21.0,11.0,4.843308290698581,2017.0
8.203215966510001,22.0,11.0,4.698276233516609,2017.0
8.15689720117,23.0,11.0,4.641689646902844,2017.0
8.05914634414,24.0,11.0,4.649712896684048,2017.0
8.44754291225,25.0,11.0,6.230035405849158,2017.0
9.0230423804,26.0,11.0,6.251507273704489,2017.0
9.49420600548,27.0,11.0,5.428168328443521,2017.0
9.72722396967,28.0,11.0,5.369104179230724,2017.0
10.2752736679,29.0,11.0,5.725943308384619,2017.0
9.89419161763,30.0,11.0,5.651131381560469,2017.0
10.2963809656,1.0,12.0,10.514923084028386,2017.0
10.926747342599999,2.0,12.0,10.621678286932818,2017.0
11.2747033563,3.0,12.0,9.974859470140197,2017.0
11.387470641399998,4.0,12.0,11.2078900382978,2017.0
11.691906470600001,5.0,12.0,12.37712092494846,2017.0
12.698571845611001,6.0,12.0,12.788077926355834,2017.0
14.895165333724,7.0,12.0,15.0644254234013,2017.0
15.482664986276001,8.0,12.0,15.725113958138586,2017.0
14.689946026255,9.0,12.0,14.852203827320414,2017.0
14.479575112486,10.0,12.0,15.126493297311903,2017.0
16.492422086871,11.0,12.0,14.742599021185928,2017.0
16.822261754727,12.0,12.0,16.119226379896947,2017.0
16.548671919971,13.0,12.0,16.382698225657496,2017.0
16.285497696294,14.0,12.0,16.383455025909562,2017.0
17.348352057209,15.0,12.0,17.30085626985396,2017.0
18.405941445343,16.0,12.0,17.252137932454342,2017.0
19.135469160121,17.0,12.0,17.581336880325107,2017.0
18.683675326704,18.0,12.0,17.530188891784558,2017.0
18.093126238172,19.0,12.0,17.604498859677292,2017.0
16.515544624088,20.0,12.0,16.580681460799664,2017.0
15.707989037969998,21.0,12.0,15.767198743938959,2017.0
13.308873217829,22.0,12.0,14.159864432719944,2017.0
14.739025743203,23.0,12.0,14.103277846106183,2017.0
13.505081830958002,24.0,12.0,14.111301095887384,2017.0
13.876408500359,25.0,12.0,15.029601839738822,2017.0
15.430788382925,26.0,12.0,15.051073707594153,2017.0
15.63138022702,27.0,12.0,14.227734762333187,2017.0
14.390881108562,28.0,12.0,14.16867061312039,2017.0
14.653689691301,29.0,12.0,14.270718222800062,2017.0
13.213839870889,30.0,12.0,14.085578709516934,2017.0
13.423984766886,31.0,12.0,14.09336323395854,2017.0
13.678634339508001,1.0,1.0,2.8175060501829665,2018.0
14.143297055786999,2.0,1.0,2.8786634031262444,2018.0
15.097476167344999,3.0,1.0,2.067473836501711,2018.0
14.942577183749,4.0,1.0,2.572834430093231,2018.0
16.002054237653,5.0,1.0,3.4798326114663256,2018.0
16.683672892607998,6.0,1.0,3.209347596519194,2018.0
16.426220300514,7.0,1.0,3.1677780601834598,2018.0
15.056556740788,8.0,1.0,3.2279241450294407,2018.0
14.889393496376,9.0,1.0,3.0439680962584585,2018.0
14.176064410769001,10.0,1.0,2.9360753280023606,2018.0
13.605729112579,11.0,1.0,3.11505508864878,2018.0
13.503,12.0,1.0,3.147146383194332,2018.0
14.443863556618,13.0,1.0,3.0083283997534314,2018.0
13.742376127871001,14.0,1.0,3.009085200005492,2018.0
13.889047827295,15.0,1.0,3.080232848889772,2018.0
11.784994745199999,16.0,1.0,3.1371922263026994,2018.0
10.544171306680001,17.0,1.0,2.3258567070933016,2018.0
11.608408509681,18.0,1.0,2.292815176273305,2018.0
11.567699114911,19.0,1.0,2.2898864075068683,2018.0
12.518683243022,20.0,1.0,2.2683010565197588,2018.0
11.848304578692,21.0,1.0,2.099822633528119,2018.0
10.927275718397999,22.0,1.0,2.5634223262123506,2018.0
10.796373824516,23.0,1.0,2.6838547008083538,2018.0
11.04439499542,24.0,1.0,2.7002008896692606,2018.0
11.288530418452,25.0,1.0,2.757763805719698,2018.0
10.914887491754,26.0,1.0,2.7738599908296075,2018.0
11.278723193503,27.0,1.0,2.7357522915296633,2018.0
11.619862774114,28.0,1.0,2.7481641404944286,2018.0
11.260031163903001,29.0,1.0,2.367666760612924,2018.0
10.360196880348,30.0,1.0,2.2889135092101225,2018.0
9.927952232337,31.0,1.0,2.8767378580004346,2018.0
9.2373233483784,1.0,2.0,1.7365328829481457,2018.0
8.4585041219337,2.0,2.0,1.8364400065318156,2018.0
8.9003090503842,3.0,2.0,1.2719623555864321,2018.0
8.4247086517804,4.0,2.0,1.818028948574045,2018.0
7.3130908324681005,5.0,2.0,2.152318004818952,2018.0
6.7775695091296,6.0,2.0,1.9136701670238112,2018.0
7.9042602451409,7.0,2.0,1.8721006306880768,2018.0
8.2016351432045,8.0,2.0,2.0012898564250143,2018.0
8.2779860407373,9.0,2.0,1.8173338076540315,2018.0
8.624505276815901,10.0,2.0,1.709441039397934,2018.0
8.1685212493465,11.0,2.0,1.513513705915306,2018.0
8.652141065307,12.0,2.0,1.932168297060739,2018.0
8.616905160582,13.0,2.0,1.7933503136198372,2018.0
9.1172996759743,14.0,2.0,1.7941071138718985,2018.0
9.8581770680281,15.0,2.0,1.8730717010231839,2018.0
10.035890399469,16.0,2.0,1.9300310784361112,2018.0
10.70220038219,17.0,2.0,1.5680721087998624,2018.0
10.753564259172,18.0,2.0,1.6253963979861255,2018.0
10.93339078949,19.0,2.0,1.6224676292196891,2018.0
